"PostalCode";"HashCode";"Age";"Gender";"Payment Method";"rowNumber";"LastTransaction";"ChurnDate"
49278;"BOl2gvcX";64;"male";"credit card";1;2012-04-17 16:05:39;2014-01-25 09:27:12
39982;"lJC8cDTW";35;"male";"cheque";2;2011-11-25 21:58:02;2012-08-10 03:01:39
87213;"tKIbadnh";25;"female";"credit card";3;2012-02-16 08:29:26;
38548;"RcW2Pb3w";39;"female";"credit card";4;2010-10-10 01:22:28;2013-11-08 01:27:30
38794;"z9twA4AJ";39;"male";"credit card";5;2012-06-14 00:13:07;
44573;"akWNQl4e";28;"female";"cheque";6;2010-07-16 23:39:09;2011-06-23 21:08:53
70936;"glrPDLzY";21;"female";"credit card";7;2012-03-16 12:17:03;
71302;"Pn6FkbuL";48;"male";"credit card";8;2011-06-17 11:46:18;
49705;"3rGPBX98";70;"female";"credit card";9;2011-03-31 04:17:44;2012-07-05 16:34:32
36049;"9Eng7yI0";36;"male";"credit card";10;2013-04-18 08:06:59;
26323;"uP7dRmDK";22;"male";"credit card";11;2013-03-12 07:37:27;
42376;"XlxhfOIo";53;"female";"cash";12;2010-09-01 07:39:05;2013-09-01 07:21:17
42215;"KYmSR2vE";27;"male";"cash";13;2011-07-15 21:16:15;
80059;"EOGj6tDH";234;"mänlich";"credit card";14;2014-02-27 09:22:25;
57984;"yTDlEBXc";22;"male";"cash";15;2011-05-09 20:30:34;
52245;"3ANQ9shn";49;"female";"credit card";16;2011-02-19 01:22:00;2012-04-03 20:13:42
56625;"BDEPLKmG";24;"female";"cash";17;2011-01-22 18:19:02;2013-03-01 14:50:54
50003;"8vB4XorN";45;"mänlich";"credit card";18;2013-02-12 12:16:18;
37852;"1SDtHCf7";45;"male";"credit card";19;2011-02-07 02:31:18;
66713;"gQBDZ8Lw";66;"female";"cash";20;2011-03-10 14:04:47;2013-04-19 18:27:32
70052;"G1c0kZqQ";82;"female";"cash";21;2010-10-11 00:29:02;2013-12-18 06:21:46
44272;"lJC8cDTW";35;"female";"credit card";22;2010-10-14 21:48:11;
71962;"n5YVLJ7v";17;"female";"credit card";23;2011-08-15 06:40:26;
30942;"tIdMRZzN";52;"male";"cash";24;2010-06-23 17:58:56;2013-05-07 05:12:32
45355;"HVtuFvKk";49;"female";"credit card";25;2010-08-31 14:27:10;2013-04-22 15:00:16
59736;"LJVy8PnW";33;"female";"credit card";26;2010-06-16 21:45:22;2011-12-12 13:08:14
27323;"YrunTynm";40;"male";"credit card";27;2012-01-26 03:02:22;2013-11-23 05:59:00
44466;"Pme0EuIj";53;"female";"credit card";28;2010-07-31 10:28:49;2012-10-25 13:17:27
62985;"lOppPgbt";64;"female";"credit card";29;2011-08-15 16:23:26;2011-08-29 21:58:32
48487;"FQONt9Qj";42;"female";"credit card";30;2010-10-24 22:39:00;2012-05-24 18:48:16
25067;"kGbkHPe3";66;"male";"cash";31;2010-12-10 10:08:47;2013-10-01 20:20:24
51008;"ZBaMGxyd";84;"female";"cash";32;2010-06-06 17:53:50;
46682;"G1c0kZqQ";34;"male";"cheque";33;2012-05-01 08:42:55;
79587;"U9oQ4X4a";46;"male";"credit card";34;2012-07-07 23:39:42;
72496;"vkq98Roy";71;"weiblich";"credit card";35;2013-08-25 11:22:32;2014-01-06 21:35:38
63472;"Zu1IH3W9";68;"male";"cash";36;2010-09-27 23:16:16;2012-02-23 19:12:40
38676;"w1RMi0Ye";18;"female";"cash";37;2010-11-06 14:20:24;2012-01-28 07:24:35
65683;"67pf3SG7";49;"female";"cash";38;2010-07-25 14:31:48;2013-10-17 04:06:35
57636;"txwqlFrx";23;"female";"credit card";39;2011-11-26 01:05:30;
83490;"p2B4niEV";38;"male";"credit card";40;2011-08-28 16:49:34;
58302;"dtW2nTUg";65;"female";"cash";41;2010-08-04 14:14:01;2010-11-08 18:44:00
80454;"Q6Hs8l2N";22;"female";"credit card";42;2012-10-12 16:34:55;
29058;"K4BiUUqk";21;"male";"credit card";43;2012-06-16 22:17:19;
30136;"fN6Bi6ut";37;"female";"credit card";44;2011-01-25 22:17:03;2013-07-21 09:13:17
48672;"ISLS1LEp";70;"female";"credit card";45;2011-03-28 08:43:17;2013-10-01 03:42:06
84951;"Ilw55cGT";81;"male";"cash";46;2011-03-31 14:13:57;2011-12-10 06:30:49
35583;"MemBg2vN";47;"female";"credit card";47;2010-02-20 21:26:45;2011-05-09 08:49:34
37760;"K0LlWwKm";55;"male";"cash";48;2011-10-05 12:23:30;2012-08-26 17:41:10
42266;"nebDykfo";42;"male";"credit card";49;2012-07-27 12:38:34;
32539;"DBPXSyZX";38;"male";"credit card";50;2011-12-26 23:03:12;
40686;"QW258zNn";60;"female";"credit card";51;2011-06-12 22:42:59;
9012;"2PdHrQ0N";68;"male";"credit card";52;2012-01-06 18:52:34;
65565;"VYYxwovV";22;"male";"credit card";53;2012-06-24 06:43:48;
35673;"wCMq8WUK";63;"male";"cash";54;2011-02-05 09:10:59;2012-07-21 10:56:14
34749;"XLM36WeL";60;"male";"cash";55;2010-07-01 11:13:02;2013-10-09 03:42:59
40004;"i431B5FD";25;"male";"credit card";56;2012-05-06 03:22:04;2014-03-15 02:49:59
65793;"hR5bIMTj";84;"male";"credit card";57;2011-01-14 09:19:31;
53547;"nJ7KivPn";53;"male";"credit card";58;2011-12-01 12:38:08;2012-11-18 23:27:37
29907;"LB3fgpFh";47;"female";"cheque";59;2010-02-11 05:00:22;2012-04-07 17:09:19
48625;"FUcDIlsz";54;"female";"cheque";60;2011-05-18 12:31:48;2012-04-10 07:36:58
74629;"kRi3vk6o";52;"male";"credit card";61;2011-08-25 02:28:18;2012-10-08 19:44:48
49684;"fn9woJ27";25;"male";"credit card";62;2012-05-30 18:26:01;
52416;"bUAFjUKx";52;"male";"credit card";63;2012-09-02 05:30:19;
45863;"x7MSewP7";47;"male";"cash";64;2011-01-20 14:29:53;2013-07-02 14:37:39
47851;"OHIF3ecs";47;"female";"cash";65;2011-06-16 01:57:15;
33745;"ClU1K8pr";33;"weiblich";"credit card";66;2013-08-06 03:00:26;
25257;"VTRHXs1F";74;"male";"credit card";67;2010-06-07 13:15:47;2013-12-02 17:31:48
75835;"a3kGAKaY";35;"mänlich";"credit card";68;2012-11-02 01:47:36;
60335;"fya0KpSq";35;"female";"credit card";69;2011-03-28 08:55:16;
37653;"FtGlaAO8";52;"female";"cash";70;2010-04-11 23:34:30;
49706;"DsXdDTUM";20;"male";"credit card";71;2011-09-15 03:08:05;
53661;"Hg6423c9";50;"male";"credit card";72;2011-12-08 03:23:48;
69511;"Q3RgD5dc";38;"male";"cheque";73;2010-05-08 07:38:55;
51239;"WIK59uh6";66;"male";"credit card";74;2012-07-01 13:27:16;
55284;"UTM0J7L3";19;"male";"credit card";75;2013-03-14 09:12:51;
59370;"H0n3eUsn";42;"male";"credit card";76;2011-12-22 15:40:31;
79081;"mSaXdmd9";35;"female";"credit card";77;2010-11-02 04:53:46;2013-01-23 22:01:52
55102;"8FLjqHa8";86;"female";"credit card";78;2011-02-12 06:47:19;2013-08-30 03:18:08
89596;"7OTWTwK4";27;"female";"credit card";79;2012-09-25 09:26:33;
67840;"WfJORRap";34;"male";"credit card";80;2011-11-09 02:58:39;2013-07-24 14:55:38
46124;"f6IvQ9iT";64;"female";"credit card";81;2010-09-06 18:40:49;2011-07-27 07:12:53
39515;"QCU4Fgm4";63;"male";"credit card";82;2012-03-17 12:08:11;
24790;"S0EDUb7L";58;"female";"credit card";83;2010-10-17 01:24:41;2012-04-11 22:51:39
57315;"Rvv4B7Gr";63;"male";"credit card";84;2012-05-29 15:15:02;
81311;"DIw2K055";31;"male";"credit card";85;2011-11-26 07:40:01;
61340;"K2SwvDUq";36;"female";"credit card";86;2010-04-06 04:05:24;2012-01-12 11:39:14
47947;"GGO1WQWB";58;"female";"cash";87;2009-11-27 23:10:49;2011-10-08 19:43:07
80240;"1olvkgMw";21;"male";"cash";88;2013-01-29 23:33:55;2013-12-16 01:41:37
33868;"oIuGNpzw";27;"female";"credit card";89;2012-02-10 16:30:47;
50130;"PsXsGka2";45;"female";"credit card";90;2011-04-15 13:22:31;2011-05-20 02:04:21
47777;"GlGZMbnk";51;"male";"credit card";91;2012-01-16 08:42:03;
43825;"sSNU6Ylb";42;"male";"credit card";92;2012-01-04 02:04:35;2012-02-16 03:10:44
68312;"8XQ5wVue";67;"weiblich";"credit card";93;2013-08-23 00:45:22;2014-03-24 18:41:25
18610;"BUkdkv7j";55;"female";"cash";94;2010-11-27 16:04:33;
20916;"UdxrZlw3";23;"female";"credit card";95;2011-10-22 04:29:15;2013-12-05 20:02:56
87373;"YXITvyRR";36;"male";"credit card";96;2012-04-22 08:29:42;
66162;"x9hqgAOa";89;"weiblich";"cash";97;2012-12-16 02:52:36;2013-06-24 01:33:04
86630;"QLVjOVdq";64;"male";"cash";98;2011-03-10 14:55:06;2012-02-17 10:39:28
56279;"PjxUX4FV";72;"male";"credit card";99;2012-04-16 20:13:52;
56874;"mHkwfOrB";33;"female";"credit card";100;2011-05-29 08:10:01;2013-05-20 20:06:22
20041;"ofnLhsJr";50;"female";"credit card";101;2010-11-08 16:17:17;2013-03-29 07:38:08
28479;"92nmswzi";71;"male";"cheque";102;2011-03-02 19:08:12;2012-03-07 14:08:49
49130;"V6i1m60Q";79;"male";"credit card";103;2010-08-04 06:04:54;
24937;"ngFxIEzB";51;"female";"cash";104;2010-08-19 01:46:32;2013-05-03 21:52:58
79644;"PeoGZnAi";72;"female";"cash";105;2009-11-24 15:17:48;2012-11-14 07:03:59
53630;"T5pxtCxg";61;"weiblich";"cash";106;2011-12-05 14:20:43;2012-07-22 19:18:56
68905;"YAplaY8d";59;"female";"credit card";107;2011-03-25 08:59:03;
69123;"N8Cvr0k6";49;"male";"credit card";108;2011-05-01 19:43:55;
32867;"D97jrMoY";54;"female";"cheque";109;2011-07-23 03:29:24;2013-02-01 13:47:04
71189;"7TAHDWAH";26;"male";"cash";110;2012-01-08 22:03:33;
42423;"6e7TUiBt";18;"male";"cash";111;2012-08-10 21:46:39;
47457;"rDGyBpoZ";37;"female";"cash";112;2010-10-05 22:04:03;
54127;"nvOOHxnL";40;"male";"credit card";113;2012-08-07 13:42:23;
28135;"RJawkKEi";42;"female";"cash";114;2011-03-31 19:39:18;2012-08-15 06:54:59
64017;"DbDn9imt";69;"mänlich";"credit card";115;2012-08-07 16:28:38;
35108;"HP1KrVxJ";24;"male";"credit card";116;2011-03-19 02:34:30;
59282;"TUA8xgUo";62;"female";"cash";117;2011-11-06 03:30:38;2013-02-25 00:56:35
83226;"nfuPH2Rd";39;"male";"credit card";118;2011-10-04 05:42:09;
62961;"NnESrVF8";37;"female";"credit card";119;2011-07-04 23:47:48;
55252;"F7nDASX3";22;"female";"credit card";120;2012-10-04 22:55:23;
70864;"waI3YAtn";38;"male";"cash";121;2010-08-01 16:22:31;2011-09-05 15:19:02
17429;"G8FGhgzf";28;"female";"credit card";122;2011-07-26 21:29:17;
78944;"3RwmG77F";53;"male";"credit card";123;2011-07-12 22:25:31;
53339;"pKrTBLW8";36;"male";"credit card";124;2012-06-05 15:46:30;
30515;"vKrR9lgE";76;"female";"cheque";125;2010-12-23 11:44:21;2014-02-16 11:02:44
53369;"f5mEsjQb";42;"female";"credit card";126;2011-01-03 23:46:33;2012-02-18 07:41:13
37642;"ocLvIKIN";65;"mänlich";"cash";127;2013-01-06 07:40:54;2013-11-07 23:58:51
29311;"LOBjc0ue";65;"male";"cash";128;2011-06-08 11:02:33;2012-10-22 05:13:19
18006;"ukz24ozv";24;"male";"credit card";129;2012-09-03 23:39:54;
33862;"JlePCygI";31;"female";"cash";130;2011-03-28 08:51:11;2013-01-03 09:43:33
39283;"hQateE26";46;"weiblich";"cheque";131;2012-10-31 23:56:47;2013-07-07 11:29:13
44552;"FYBcEUd6";68;"mänlich";"credit card";132;2013-06-17 02:50:54;
86255;"P4KEF7Wq";42;"male";"cash";133;2011-02-06 00:08:57;2013-04-15 18:57:03
61252;"0Dm8Yibz";55;"female";"credit card";134;2011-03-19 17:18:00;
60457;"wCUZbsb9";54;"female";"cash";135;2011-09-05 23:00:00;2013-05-08 17:34:22
70446;"zaus5phD";81;"male";"credit card";136;2010-10-04 08:28:54;2012-11-01 02:55:19
60779;"dKjQRsZi";46;"male";"credit card";137;2011-12-01 12:57:28;
62955;"oHbgmBfM";63;"female";"credit card";138;2011-06-27 20:46:12;
39804;"HvSjreXj";73;"male";"credit card";139;2010-06-10 12:17:10;2012-09-25 10:28:14
47146;"JveEHeyk";17;"male";"credit card";140;2011-09-06 21:28:21;
41954;"9F9KFJ6H";53;"female";"cash";141;2010-08-27 09:19:22;2013-05-07 12:26:42
28813;"GVO5dbuC";17;"female";"credit card";142;2013-03-13 14:07:38;
51752;"H8szJiQ8";91;"female";"cheque";143;2010-06-15 14:57:28;
53383;"pCUO5AGa";35;"male";"credit card";144;2012-07-01 10:58:16;
66588;"vyLYrSRA";80;"weiblich";"cash";145;2012-12-09 01:37:11;2014-02-19 21:24:55
35725;"ZSopZwuk";35;"female";"credit card";146;2010-10-11 04:56:21;2013-04-02 14:29:49
81326;"AIFX9peT";2;"female";"credit card";147;2010-09-15 16:30:45;
39700;"SMstnaz9";67;"female";"credit card";148;2011-12-05 00:22:45;
40160;"30w6lE6G";46;"male";"credit card";149;2012-01-05 16:46:46;2013-11-05 22:56:14
24288;"X3YpANiF";50;"female";"credit card";150;2010-10-12 08:25:19;2011-04-21 06:32:40
30600;"WN8bHBjG";50;"female";"cheque";151;2010-10-15 20:05:54;2012-11-04 18:37:11
53056;"CG3hseQg";72;"female";"credit card";152;2011-02-21 04:11:48;
62254;"ehgSCbVE";25;"female";"cash";153;2011-04-29 12:36:00;2014-03-16 05:48:27
16423;"S3Pxb9ok";38;"female";"credit card";154;2011-02-23 01:07:41;2011-06-21 05:49:35
77126;"9bU2w7pV";30;"male";"cash";155;2011-12-02 10:59:46;
51323;"28Rviqp0";27;"male";"credit card";156;2011-11-02 13:47:15;
37604;"H6LxgqeP";32;"female";"cash";157;2011-08-10 11:25:57;2013-09-29 21:46:04
56339;"rkKD9dhZ";56;"male";"credit card";158;2011-06-14 08:49:00;2013-01-29 03:36:16
68932;"83d7eRMo";29;"male";"credit card";159;2011-12-01 04:34:41;
48144;"v4z0FThC";58;"male";"credit card";160;2012-06-23 09:38:15;
58699;"5iOBFRfJ";37;"female";"credit card";161;2011-01-05 13:30:14;2011-06-24 00:18:48
32367;"TnOXa1ht";49;"male";"cash";162;2010-05-03 10:31:18;
34322;"v0poyp4v";19;"male";"credit card";163;2012-04-30 14:08:18;
48202;"NFkiHjkD";57;"male";"credit card";164;2012-02-06 17:13:27;
46755;"GjU0ksAd";27;"female";"credit card";165;2012-02-10 05:28:07;2013-04-11 18:44:10
57714;"ghJnM1Rb";78;"female";"cash";166;2010-01-21 02:49:11;2011-11-20 02:14:22
59997;"O9rkKV6Z";29;"male";"credit card";167;2012-10-08 09:19:09;2013-03-23 13:05:42
66465;"aUtRQSng";59;"male";"cash";168;2010-10-06 21:22:57;2012-02-14 23:50:38
50069;"km0CFEfa";62;"male";"credit card";169;2012-02-20 14:09:25;
99413;"RQ0dUx34";57;"female";"credit card";170;2011-02-26 11:07:23;2014-01-26 02:52:28
70286;"bAKACf7o";29;"female";"credit card";171;2012-01-11 04:07:45;
74035;"x4pYHlgV";28;"female";"credit card";172;2011-07-01 19:25:46;
65113;"0Go12lhb";51;"male";"credit card";173;2012-01-12 11:43:00;
43509;"H1NrMhMz";45;"male";"credit card";174;2011-08-25 07:20:35;2012-06-17 12:03:46
51269;"9uxwNsXr";85;"female";"cash";175;2010-06-13 18:16:22;2010-11-28 07:35:18
67034;"7GDdhe6R";51;"female";"cash";176;2010-05-19 20:35:45;2013-04-01 13:30:08
39032;"VlJVFpat";34;"male";"credit card";177;2012-04-18 09:36:52;
49943;"w5XASsXb";66;"female";"cash";178;2010-05-06 21:03:22;2013-11-13 08:53:03
64591;"TODZsH3h";30;"male";"credit card";179;2011-09-18 02:28:16;
47739;"OgOSZPKJ";89;"female";"cash";180;2010-11-28 17:34:37;2012-07-05 21:12:25
88698;"biBvW212";33;"weiblich";"credit card";181;2013-12-17 18:14:00;2014-01-19 22:10:15
55349;"jPuStBk5";17;"female";"cash";182;2010-01-25 14:30:54;2011-06-17 02:32:55
41620;"yyGY9EBR";50;"female";"credit card";183;2011-05-13 08:58:00;
47286;"xXBXsi8m";42;"male";"cheque";184;2011-06-16 12:15:58;2012-11-20 22:58:48
29847;"SuIBpfAT";34;"male";"credit card";185;2012-03-29 18:08:44;
64008;"GHX5UrH3";55;"female";"cash";186;2011-02-10 14:00:18;
35733;"atMTm4DU";73;"female";"cash";187;2010-12-13 22:43:16;2013-06-23 20:47:52
42090;"fAf0KV8h";59;"male";"credit card";188;2011-05-14 06:12:57;2012-10-29 04:52:43
48578;"QZNLpGKp";47;"male";"cash";189;2010-03-05 02:20:00;2010-07-25 07:33:51
47195;"ZYTytgk4";78;"female";"cash";190;2010-12-07 03:51:50;2011-06-22 10:45:27
18888;"zMyeY8je";69;"female";"credit card";191;2011-02-12 18:22:11;2014-01-06 17:59:10
25161;"gFkFRdaI";38;"male";"cash";192;2010-07-21 20:54:33;2012-08-18 15:44:57
46716;"Nyqhazd7";17;"female";"credit card";193;2012-08-08 00:41:18;2014-03-25 21:50:19
47893;"ELNgicTB";22;"male";"credit card";194;2012-03-22 01:34:41;
56568;"NON7zHOC";52;"female";"cheque";195;2011-04-17 20:44:23;
43635;"cUrR418k";30;"female";"credit card";196;2011-09-06 10:47:28;2013-01-03 13:06:21
34633;"ho5RCxxm";36;"male";"cheque";197;2010-06-22 18:56:30;
40549;"H0TFG5MM";60;"female";"cash";198;2010-12-01 01:35:52;2011-07-19 12:20:44
51040;"sVoaunIJ";23;"female";"cash";199;2010-10-18 04:01:13;2013-11-13 20:47:18
58722;"Swk4xNs0";40;"male";"credit card";200;2012-03-09 12:43:20;2013-12-06 18:19:02
80109;"NsreMU8i";27;"female";"credit card";201;2012-10-09 18:31:47;
52623;"Cu7KhuFs";52;"female";"credit card";202;2010-03-14 09:36:38;2010-07-17 00:41:25
42372;"YrFsXGUa";75;"male";"credit card";203;2010-11-17 11:35:23;2011-11-09 17:06:52
29863;"blsGaVg3";40;"male";"credit card";204;2012-10-01 12:48:46;
50049;"GWPSIUW2";30;"male";"credit card";205;2012-09-07 06:47:56;
35479;"2PmPZWDK";42;"male";"cash";206;2011-04-28 04:50:12;2012-01-25 10:55:25
49469;"sxnpIUU0";43;"weiblich";"cash";207;2012-10-18 04:05:47;
52664;"RxjVpJBM";61;"male";"cash";208;2011-06-30 05:15:27;2012-09-17 11:38:03
61718;"xaOh8lV5";56;"mänlich";"credit card";209;2013-04-14 18:16:15;
40753;"TgZBAArX";51;"female";"credit card";210;2010-09-29 02:30:05;2012-11-05 15:22:48
49994;"gtWZWYUM";37;"male";"credit card";211;2012-01-29 04:39:33;
57478;"9UaJdXWX";17;"male";"cheque";212;2011-07-10 22:13:05;
41474;"6A75rQhE";30;"female";"credit card";213;2012-01-16 21:15:54;
10869;"qyO20YBw";35;"female";"cash";214;2011-11-11 14:07:30;2013-03-11 12:30:35
57968;"HHfSwcYU";25;"male";"cash";215;2011-04-01 17:41:46;2011-12-23 06:40:52
49215;"m8xXvUDx";26;"male";"credit card";216;2012-02-09 20:24:21;
40973;"DDEoEUqq";33;"female";"credit card";217;2010-07-05 08:25:09;2012-11-18 17:08:28
81900;"IPlhr6cC";43;"female";"credit card";218;2010-08-26 01:50:16;2013-12-11 03:34:27
40990;"a1MWIOfr";21;"male";"cash";219;2012-03-13 03:18:45;
49525;"iJ5T9LF1";29;"male";"credit card";220;2012-09-25 22:15:10;
57903;"0dFBEzCp";34;"male";"cash";221;2011-12-01 04:03:13;
15002;"3djn1SDK";33;"female";"credit card";222;2011-01-22 01:32:30;2011-12-01 19:02:49
52112;"f3iAYzTo";17;"male";"credit card";223;2012-03-12 14:51:39;
40426;"Nh4XuVkA";79;"female";"credit card";224;2011-06-20 03:26:20;2011-12-27 19:43:12
63905;"8ifgixwW";79;"male";"credit card";225;2011-02-10 15:31:06;
49742;"MLlwwJCK";52;"male";"credit card";226;2011-12-19 03:06:43;
17715;"yBQox9zl";62;"female";"cheque";227;2011-07-23 19:32:46;2013-10-20 13:43:44
71368;"S4tBcsld";30;"female";"credit card";228;2011-07-15 00:48:52;
53312;"4RSQEopW";35;"female";"credit card";229;2011-06-18 01:38:56;2011-12-12 10:16:50
33874;"MXqsktgh";31;"male";"credit card";230;2013-02-13 10:41:22;
13014;"k7lMPtjG";47;"female";"cash";231;2011-01-19 16:39:08;2013-03-03 00:14:47
64735;"6MFtHeI8";35;"male";"credit card";232;2012-02-11 18:55:32;
37718;"zrcauQ9a";61;"male";"credit card";233;2012-05-11 23:13:47;
44241;"RleMzwZg";62;"male";"credit card";234;2012-08-04 05:20:42;
38356;"UhuQAJZQ";55;"female";"credit card";235;2011-03-15 09:15:00;
26601;"vhtTUr66";48;"male";"cheque";236;2011-06-04 10:56:33;2012-07-26 02:47:50
24478;"5F6ZW8VT";89;"male";"cash";237;2011-08-19 06:40:41;2012-03-05 23:50:25
51727;"xiQrFrpV";33;"female";"credit card";238;2010-11-17 18:59:58;2013-06-06 06:05:08
68734;"THcgfMaD";50;"female";"credit card";239;2010-06-14 02:41:46;
47146;"W1gqSYVC";63;"male";"cheque";240;2010-05-29 23:13:24;2010-09-11 06:30:45
59557;"KgOaIIMC";64;"weiblich";"credit card";241;2013-01-01 21:14:37;2014-04-07 00:28:59
65094;"Dl2LRoQV";74;"male";"credit card";242;2010-07-12 10:58:27;2013-06-06 17:15:52
72481;"3DohFRui";33;"male";"credit card";243;2012-01-19 11:22:28;2013-02-09 02:19:44
48789;"z3POfQ5L";55;"male";"cheque";244;2011-09-18 10:04:03;2014-01-12 23:41:43
50412;"cujNb6GQ";81;"male";"credit card";245;2011-04-24 02:42:14;
44960;"wQDb9td0";81;"female";"credit card";246;2011-06-02 21:14:05;
34377;"kLjV6JOu";50;"female";"cash";247;2011-09-13 07:17:47;2013-10-17 05:23:59
39759;"gXJ7Pwee";53;"male";"cash";248;2011-10-03 11:02:29;
13223;"rLSnVvQj";56;"male";"cheque";249;2010-09-28 07:46:51;
63118;"OHIF3ecs";50;"female";"credit card";250;2011-04-12 14:08:31;2012-09-05 10:39:58
57443;"QCU4Fgm4";38;"female";"credit card";251;2011-06-25 00:40:34;2013-09-27 15:05:39
62035;"Skf9fEaF";71;"male";"credit card";252;2011-08-28 11:45:03;
51027;"3bgeC6rr";18;"female";"credit card";253;2013-01-09 17:33:46;
48898;"R9s3bCKc";27;"female";"credit card";254;2011-11-22 11:36:13;
50563;"fCOAG56c";27;"female";"cheque";255;2010-09-07 04:58:45;2012-12-24 08:31:27
74769;"o2pM2yEq";86;"female";"credit card";256;2012-04-25 15:16:33;2013-10-15 10:19:19
77123;"DlHE0KbG";82;"male";"cash";257;2011-02-15 10:00:40;2013-09-06 21:46:47
73594;"ccJwT4lI";24;"male";"cash";258;2012-10-09 09:50:18;
35889;"NON7zHOC";29;"male";"credit card";259;2011-10-01 09:49:38;
42147;"H8tTp8Ky";45;"male";"credit card";260;2012-11-17 05:43:30;
82634;"KcQK62N7";35;"male";"credit card";261;2011-09-01 11:54:35;
33265;"m5RrACFZ";18;"female";"credit card";262;2011-12-04 14:09:04;
34948;"vRKFjQdu";90;"male";"credit card";263;2011-07-13 23:22:46;
78508;"JApslbuL";51;"male";"credit card";264;2012-02-21 17:11:15;
55995;"Kpf2hrAR";27;"male";"cash";265;2011-09-03 22:51:59;2013-09-09 09:32:30
59520;"ASSm0Gw4";24;"female";"credit card";266;2011-12-21 13:32:50;
80052;"4sOGEqYt";28;"male";"cash";267;2012-05-13 10:47:56;
45010;"Qnrk4KMI";43;"female";"cheque";268;2010-12-22 21:27:33;2011-02-09 02:13:34
44502;"yQjFRR1I";21;"female";"credit card";269;2012-02-23 03:55:14;2012-05-08 23:57:29
80619;"dYdjH2uj";75;"female";"credit card";270;2010-03-11 20:16:50;2012-01-06 08:40:57
45063;"joEpLf0I";51;"female";"credit card";271;2011-06-13 11:43:29;2013-06-25 19:51:11
46694;"BtCY2Neh";39;"male";"credit card";272;2011-11-03 14:14:25;
73429;"blsGaVg3";46;"mänlich";"credit card";273;2013-03-16 18:35:50;
87726;"YI3zKILp";34;"female";"credit card";274;2011-02-05 02:52:45;2011-06-06 11:42:52
28079;"jHwjijNm";40;"male";"credit card";275;2012-07-04 20:23:45;2013-04-02 20:51:41
20520;"CaZCagHV";38;"female";"cash";276;2010-07-12 21:13:23;2013-06-28 11:21:17
69968;"wZvgEvwM";45;"male";"credit card";277;2012-09-11 19:49:50;
40516;"mcq4IyiE";48;"female";"cash";278;2011-08-14 05:06:11;2012-07-26 21:57:27
73200;"i2a9ZE9A";55;"male";"credit card";279;2012-11-12 00:40:57;2013-10-21 13:50:50
61373;"21jXDJXH";17;"female";"cheque";280;2010-07-17 08:31:55;2011-05-01 08:24:56
42338;"AkpK2ek7";68;"male";"credit card";281;2012-03-11 11:41:10;
53600;"3OjTesQd";28;"male";"credit card";282;2012-05-12 05:23:00;
46105;"3OTKo0aH";26;"male";"credit card";283;2012-06-20 07:37:39;
50302;"Lsh1fsRZ";73;"female";"cash";284;2010-08-21 17:59:23;2013-01-12 12:09:49
47605;"5gcqkuAs";54;"female";"cheque";285;2011-02-26 19:11:11;2011-04-09 11:51:27
36949;"woLIg9Df";70;"male";"credit card";286;2012-04-19 06:29:40;
36516;"Fz87IKuW";58;"female";"cash";287;2012-02-07 15:28:45;2013-11-16 05:49:52
46064;"4xMw6Flo";40;"male";"credit card";288;2011-07-11 00:30:28;
25624;"rUOCHd2E";63;"female";"credit card";289;2010-12-06 19:51:57;
54630;"6jIToUwA";75;"female";"cash";290;2010-06-28 08:46:57;
36854;"cSNIjLTA";39;"female";"credit card";291;2010-10-10 16:29:01;2012-02-26 22:41:29
38249;"pCUO5AGa";31;"male";"cash";292;2012-04-09 15:21:31;
61079;"eqzP2w4V";90;"male";"credit card";293;2011-03-03 19:36:29;2011-12-14 09:01:03
33974;"4pEvG68d";28;"mänlich";"credit card";294;2013-05-04 11:41:56;2013-12-22 16:04:23
66899;"DiIeXlNJ";43;"mänlich";"credit card";295;2013-04-28 07:50:44;
45249;"Uo9Qy2M4";34;"mänlich";"credit card";296;2012-11-24 06:57:37;
70899;"vedLoUod";56;"male";"credit card";297;2012-01-26 00:22:32;2012-09-03 15:43:01
72315;"2xbLvYQk";40;"male";"credit card";298;2012-03-17 12:23:21;
91189;"TgZBAArX";39;"female";"credit card";299;2011-11-29 16:46:56;2013-11-18 19:48:04
67613;"xGqvVQV2";40;"female";"cash";300;2011-08-09 04:34:02;2012-01-17 13:47:26
46235;"BqH79m89";39;"female";"credit card";301;2010-11-08 07:58:09;2012-11-14 06:59:49
52651;"LdZvNRAt";36;"female";"credit card";302;2010-11-07 10:56:33;
44574;"dbWSIwf2";34;"female";"credit card";303;2010-09-05 10:14:50;2013-11-03 05:57:57
50719;"vaOkeJW0";86;"female";"credit card";304;2011-02-16 01:28:51;
37813;"vZ07uHX3";52;"male";"cash";305;2011-07-13 11:26:39;2011-08-14 07:30:48
54398;"hNYTDtWL";20;"male";"credit card";306;2011-12-11 05:51:38;
24693;"vZ07uHX3";46;"male";"credit card";307;2012-06-22 23:13:33;
44758;"Zqrmm6Jw";42;"male";"cash";308;2011-04-03 08:38:45;
39553;"5MozbqJ4";54;"male";"credit card";309;2012-08-18 23:11:42;2013-04-29 04:52:01
31650;"6xb3RPor";46;"male";"credit card";310;2012-07-11 05:30:40;
37704;"i85Q2th4";76;"female";"credit card";311;2011-08-10 20:42:57;2013-11-21 06:33:49
46399;"qMrUdy5L";20;"female";"credit card";312;2012-09-15 06:49:01;
40678;"KJ6hj6sI";51;"male";"credit card";313;2012-05-15 22:07:35;2014-03-01 13:24:59
41306;"znRJwkZk";54;"male";"cash";314;2011-08-08 21:47:38;
77994;"wHh275mF";65;"female";"cheque";315;2011-07-01 08:55:36;2012-03-21 12:06:03
64693;"40xiWgv9";55;"female";"credit card";316;2010-11-16 18:25:33;
49720;"HjX4YiFL";17;"male";"cash";317;2012-10-07 22:30:07;
54095;"ettsoaY5";18;"female";"credit card";318;2011-09-03 17:43:17;2012-08-05 10:13:38
51442;"AbFUUDxr";21;"weiblich";"credit card";319;2012-09-02 20:43:39;
78779;"8TyhrvGv";64;"female";"cash";320;2011-06-13 03:33:29;2012-03-29 01:43:52
73779;"crPUYdcS";71;"male";"credit card";321;2012-08-16 21:58:29;
67998;"CM3V0ou3";43;"male";"cash";322;2010-12-11 15:09:05;
65338;"lDWNCoE1";18;"female";"cheque";323;2010-10-27 20:39:28;2013-11-28 09:08:40
68530;"wJuasCGW";39;"female";"credit card";324;2011-03-03 05:32:22;2014-01-08 00:00:48
33295;"MIEAsPbM";26;"mänlich";"cash";325;2013-10-11 10:13:41;
57985;"fCOAG56c";17;"female";"credit card";326;2012-07-16 10:13:42;
66980;"oDpMToNk";77;"female";"credit card";327;2011-05-22 01:24:57;2012-02-18 11:25:16
54628;"7xDlBkHr";45;"female";"credit card";328;2011-12-11 07:06:10;2012-07-29 11:04:54
67996;"ZTyyUGup";90;"mänlich";"credit card";329;2013-07-28 12:07:55;2013-08-04 16:22:11
49659;"XMDsRKKc";55;"male";"cash";330;2011-01-18 19:36:12;2013-10-29 11:58:51
25174;"W0Sz5GCv";37;"female";"credit card";331;2011-08-07 11:26:14;
66955;"ASSm0Gw4";30;"female";"credit card";332;2012-06-15 07:20:15;
65466;"Mqvdh12w";41;"male";"credit card";333;2011-12-03 00:06:56;2012-07-23 18:20:47
89598;"3UkCKVjJ";46;"male";"cash";334;2010-06-24 22:54:28;2012-05-27 10:33:38
85366;"akWNQl4e";48;"male";"credit card";335;2011-12-26 19:48:31;2013-01-17 02:45:44
54585;"IflVtKHF";34;"male";"credit card";336;2012-01-20 10:47:24;
58826;"ZYsjhFn3";52;"male";"cash";337;2010-11-28 07:56:32;2011-11-20 23:28:02
63490;"ZFaQjitd";18;"weiblich";"credit card";338;2012-10-30 22:05:28;
46321;"xE1iyLHy";46;"female";"credit card";339;2012-10-18 15:14:04;2013-10-16 01:36:59
72804;"n9xZIo4a";53;"male";"credit card";340;2012-07-12 17:18:59;
53175;"Kq90bhm1";64;"male";"credit card";341;2013-08-20 03:03:12;
69314;"T4rOqdyp";30;"female";"credit card";342;2012-09-14 19:07:45;
32350;"fAf0KV8h";52;"female";"credit card";343;2011-02-03 15:29:28;2011-05-31 19:34:01
32949;"s4mJquiX";75;"female";"cash";344;2010-05-10 00:48:09;2012-05-18 21:09:27
94207;"BuEY7Tpn";65;"male";"credit card";345;2012-01-13 18:58:41;
51967;"3rgi5H7g";34;"male";"credit card";346;2011-09-14 20:37:28;2011-09-29 05:55:47
20801;"28Rviqp0";27;"male";"credit card";347;2011-06-14 16:00:32;2011-06-26 01:06:47
51712;"ih6RmUWh";42;"male";"credit card";348;2012-11-06 13:31:04;
60265;"w92VXAun";33;"male";"credit card";349;2011-11-04 03:03:49;
25041;"zNxS6ml5";24;"male";"credit card";350;2012-10-06 10:49:32;
95836;"4fx76BIW";49;"female";"credit card";351;2011-01-02 01:51:14;2011-12-19 02:22:50
52397;"fTCWPuYd";76;"female";"credit card";352;2011-02-08 12:41:58;2013-01-25 03:27:46
52628;"6eSYlIJJ";41;"male";"credit card";353;2012-01-29 00:51:58;
20069;"hFr4nhjX";71;"male";"credit card";354;2012-05-26 03:13:13;
67346;"0JbDpFTI";43;"male";"credit card";355;2012-07-05 19:34:21;
46361;"P2HEkPoi";44;"female";"cash";356;2011-11-25 21:10:54;2013-10-16 01:44:00
43807;"YEYnfgDQ";20;"weiblich";"credit card";357;2013-05-02 20:06:52;
70427;"S5jIf47v";18;"male";"credit card";358;2012-05-03 08:11:40;
35235;"DlHE0KbG";53;"male";"cash";359;2012-06-12 15:50:58;2014-02-19 12:09:59
55511;"uGdg8HuX";46;"male";"credit card";360;2012-05-30 18:26:58;
57638;"Eaix7H1b";82;"female";"credit card";361;2011-01-28 02:16:01;2014-03-31 00:29:19
48902;"hJV6pIKL";23;"female";"credit card";362;2012-10-10 09:40:28;
28556;"wPGhhnoA";19;"male";"cheque";363;2012-02-03 10:12:58;
67547;"GkaDlXFS";68;"male";"cash";364;2011-06-14 08:44:41;2013-08-31 21:39:18
29795;"CSooRpLP";42;"male";"credit card";365;2012-04-29 11:04:18;
45238;"71vABnjs";39;"male";"credit card";366;2012-07-29 15:29:40;
80550;"ZSgbd3KQ";73;"mänlich";"cheque";367;2012-07-17 07:36:44;
52403;"mKaYvZby";50;"mänlich";"credit card";368;2012-03-28 12:40:26;
57958;"210LCbHt";22;"male";"cash";369;2012-06-06 05:40:11;
36222;"X7hsubnG";20;"male";"credit card";370;2012-01-31 05:53:49;
73650;"EHE63QaR";47;"male";"cheque";371;2010-12-22 07:13:21;2014-03-09 13:48:47
61146;"BHRbmBG0";40;"female";"credit card";372;2011-01-30 06:35:11;2012-08-04 02:03:04
38658;"fh9NmHbn";23;"male";"credit card";373;2011-12-21 06:21:04;
37038;"YkGqEBcY";21;"female";"credit card";374;2013-02-03 16:40:03;
70061;"GpAxlaQf";64;"male";"credit card";375;2012-11-02 06:14:25;
66735;"i3cyYO5T";39;"male";"cash";376;2010-09-20 08:59:49;2013-09-27 02:36:23
38337;"FlWk4pc0";80;"male";"credit card";377;2012-03-17 08:37:13;2012-08-14 13:49:20
32502;"GlXuIBNN";38;"female";"cash";378;2011-01-14 18:57:11;2012-12-29 02:27:20
76498;"cabmK8ni";47;"female";"credit card";379;2010-09-18 21:40:14;2013-06-16 12:50:09
40211;"vTa5gtGB";85;"male";"cash";380;2010-12-23 21:03:09;2011-05-22 00:33:52
38748;"35KT5qKJ";26;"male";"cheque";381;2012-02-05 20:36:09;
46792;"qzwNDfQU";69;"female";"credit card";382;2012-01-02 01:51:11;2012-01-23 11:08:16
55746;"wHh275mF";18;"mänlich";"credit card";383;2013-01-19 17:18:41;
30813;"IaV8LWhH";18;"male";"credit card";384;2012-05-08 12:54:01;
71442;"D0x9RSKN";40;"female";"credit card";385;2011-08-18 03:08:20;2011-11-19 16:02:02
51590;"z8mF5Azh";90;"male";"credit card";386;2011-08-17 09:14:51;2013-01-25 22:57:44
31324;"UkAvVEOR";22;"female";"cash";387;2011-07-30 15:56:03;2011-10-22 18:02:19
65409;"QTnxSy2W";36;"female";"cash";388;2012-02-15 13:39:31;2013-12-29 12:22:54
63963;"dgBsdhp8";57;"male";"credit card";389;2012-04-28 14:57:35;
42483;"HjpQwvBx";51;"female";"credit card";390;2011-03-28 03:57:48;2012-09-17 03:55:04
40497;"OUAcaGfJ";63;"male";"cash";391;2011-04-05 23:22:40;2013-10-12 15:54:34
59976;"U6X1rqgu";22;"mänlich";"cash";392;2013-03-15 08:55:14;
70119;"BaDIalu0";33;"female";"cash";393;2010-07-14 03:10:11;2012-05-09 23:13:14
44066;"dWyMpK2O";24;"male";"credit card";394;2012-02-09 07:33:31;2013-02-28 10:58:13
38982;"rslIqHw5";44;"male";"cash";395;2010-06-21 22:22:02;
37202;"Q3hYvLDE";55;"male";"credit card";396;2012-04-19 02:07:05;
52545;"vtqPRomS";60;"male";"credit card";397;2011-09-30 06:42:51;
61923;"XmWeSHa3";21;"female";"credit card";398;2012-07-28 04:29:47;
28283;"mLVdYdBO";56;"female";"credit card";399;2010-10-17 13:15:52;2012-04-14 11:42:36
93646;"sgulbWJH";51;"male";"credit card";400;2012-10-30 10:00:14;
46955;"cTZLWxxP";33;"female";"cash";401;2011-06-16 00:08:28;
50636;"vQJOJWtc";56;"male";"cash";402;2011-01-08 18:47:42;2012-07-17 14:49:43
48136;"6G4zWWkD";61;"male";"credit card";403;2012-02-06 16:45:05;
34665;"pCaMBaG6";91;"male";"credit card";404;2011-02-22 07:32:29;2012-03-06 08:15:38
26207;"xNG27YQ2";44;"female";"credit card";405;2011-09-09 05:50:49;2012-07-05 13:42:41
47276;"TrAH1gPk";54;"weiblich";"credit card";406;2013-01-11 15:38:48;2013-07-03 15:00:14
30778;"XCpo5Tzh";55;"male";"cash";407;2011-11-05 23:25:40;2012-10-16 12:15:58
43360;"Lizi5rSf";20;"male";"cash";408;2011-02-04 10:31:54;
70849;"OeIR5JWQ";41;"male";"credit card";409;2012-08-19 06:39:25;
32114;"VnnvzNUc";30;"male";"credit card";410;2012-10-25 23:48:09;2012-11-27 15:20:06
65906;"FHr5Ot68";22;"male";"cheque";411;2011-06-24 21:24:19;
42444;"tAQsnNjn";17;"female";"credit card";412;2011-12-20 14:00:58;2012-11-21 13:22:33
46243;"kBtGPHli";66;"male";"credit card";413;2012-02-19 15:58:06;
67865;"rslIqHw5";74;"female";"credit card";414;2010-10-22 20:52:15;2012-08-24 17:25:58
52448;"ZdHwvfCs";49;"female";"credit card";415;2010-12-25 23:57:08;2014-02-11 03:15:31
55026;"nM1wa8nb";43;"male";"cash";416;2011-10-29 13:44:09;2012-07-21 08:48:25
41807;"6D2VeM7T";75;"male";"cash";417;2010-06-04 22:43:37;2013-05-27 15:26:25
39688;"M0KFbg7V";52;"male";"cash";418;2011-07-04 01:38:36;2013-03-17 12:42:39
73947;"WMQcB9Hn";76;"male";"credit card";419;2011-01-02 22:33:41;
39258;"imGPIAIz";80;"weiblich";"credit card";420;2013-04-02 13:52:32;
63834;"Iw9t9jxM";41;"male";"cash";421;2011-02-14 15:40:03;2012-04-25 22:10:31
46446;"u5RyRaRh";65;"male";"cash";422;2011-03-14 09:30:53;2011-11-30 18:20:43
21946;"QKhGQTq6";51;"weiblich";"credit card";423;2013-06-13 14:28:32;2013-07-27 12:31:14
48646;"FjCT7NF8";28;"weiblich";"credit card";424;2012-12-14 10:50:25;
51849;"PEjNsxdD";76;"male";"credit card";425;2011-09-25 12:16:17;
48379;"gkPbGRmx";58;"mänlich";"credit card";426;2012-11-14 08:25:00;
41684;"KKZLUbvs";53;"male";"credit card";427;2012-05-15 13:54:58;
60421;"GofO3xGl";28;"female";"credit card";428;2013-01-03 08:22:40;
26225;"wHh275mF";19;"female";"credit card";429;2012-07-14 13:41:15;
52388;"KGVlpn8K";36;"male";"credit card";430;2012-02-12 07:02:33;
75968;"KYmSR2vE";69;"male";"cash";431;2010-12-09 11:49:29;2011-03-11 07:59:47
59994;"lipDk8MI";31;"male";"credit card";432;2012-07-10 01:02:21;
70285;"1DV3f83o";78;"male";"credit card";433;2011-09-18 09:24:35;2012-08-03 03:09:28
45239;"tCO5Wx5Y";46;"male";"credit card";434;2012-05-03 17:41:36;
39535;"M4f7DRys";26;"male";"credit card";435;2012-03-06 14:00:32;
59980;"C5g6ifZj";50;"female";"cash";436;2011-06-19 22:21:48;2011-07-01 09:44:27
60443;"R9s3bCKc";21;"female";"credit card";437;2013-01-01 22:33:26;
53322;"dXngQAKL";56;"male";"credit card";438;2013-05-04 09:51:03;
67456;"3p6Q9p9B";76;"male";"credit card";439;2011-01-23 20:12:32;2014-01-24 08:06:18
78741;"JN5vTby9";39;"female";"cash";440;2011-07-02 05:09:12;2013-06-24 01:49:29
74109;"bxF6fwXj";34;"mänlich";"credit card";441;2012-12-06 17:05:56;
71592;"YvVWet3Y";48;"weiblich";"credit card";442;2012-11-18 02:49:48;2013-07-10 11:29:38
76001;"hIoHR9yD";67;"male";"credit card";443;2012-07-19 08:31:11;
63378;"OPkZVDS3";43;"female";"credit card";444;2011-06-27 11:06:26;
20964;"pXvDL0bK";24;"mänlich";"credit card";445;2013-02-05 09:17:18;
91024;"Zgw914sP";58;"male";"cash";446;2011-07-22 15:43:17;2013-04-06 08:58:26
56572;"1UOUsi3Z";34;"female";"credit card";447;2010-12-17 22:59:57;
58427;"4HY6rffO";67;"weiblich";"credit card";448;2013-04-10 03:06:30;2013-05-04 11:51:56
47168;"LdZvNRAt";18;"male";"credit card";449;2012-12-09 14:02:22;
48117;"NAdFk1Tr";61;"male";"credit card";450;2013-02-08 05:31:22;
41669;"twPKVhgh";49;"male";"credit card";451;2012-11-18 01:59:39;
13826;"9ntGGAsv";54;"mänlich";"credit card";452;2013-10-10 05:47:23;
52371;"N0kWz600";37;"male";"credit card";453;2012-06-05 09:11:54;
47336;"vponIBAp";43;"male";"cash";454;2011-06-27 03:14:19;2013-01-17 10:43:26
57030;"20oBj60n";52;"male";"cheque";455;2010-12-24 02:54:13;2013-10-08 05:49:50
77099;"K2e75GKd";51;"female";"credit card";456;2010-10-11 06:19:09;2011-08-24 21:40:18
47943;"mKShmzZe";62;"weiblich";"credit card";457;2012-08-06 01:39:37;2014-03-05 01:08:16
40398;"BUkdkv7j";51;"male";"cash";458;2011-09-28 23:51:57;2013-02-04 21:32:25
73759;"7LD5QKiB";66;"female";"credit card";459;2010-12-08 05:33:25;2012-04-18 22:54:34
50292;"7vZ8bVca";54;"female";"credit card";460;2010-10-03 13:34:35;2011-07-25 21:27:03
56261;"fUkuoOrN";70;"male";"cash";461;2011-09-13 01:58:08;2014-04-07 10:05:39
35004;"HWWTBf6e";44;"female";"credit card";462;2011-01-20 17:34:39;2011-10-07 19:28:54
46624;"Ek3zONY4";70;"female";"credit card";463;2011-01-21 22:47:27;2013-03-07 18:06:28
42410;"lsbbuWoz";48;"male";"credit card";464;2012-07-01 03:16:33;2013-10-23 02:16:12
66872;"y1nBm0uq";59;"weiblich";"credit card";465;2013-03-22 09:03:09;2014-03-12 22:31:29
32125;"GL3EKIXB";54;"male";"credit card";466;2013-01-12 09:41:38;
58135;"BN3befSs";18;"weiblich";"credit card";467;2014-02-10 12:33:59;2014-02-19 10:52:59
38400;"H8tTp8Ky";19;"female";"credit card";468;2012-10-29 01:36:10;
40672;"6ZvYkAYA";19;"female";"credit card";469;2012-11-10 22:54:47;
21371;"qIpY340n";36;"male";"credit card";470;2012-11-07 06:07:33;
49575;"RWDVb00w";27;"male";"cheque";471;2012-05-23 18:31:11;2012-06-29 06:16:10
31231;"OiMvd9Yc";18;"female";"credit card";472;2012-05-09 05:26:06;
31454;"ELmyVSAi";58;"mänlich";"cash";473;2013-05-03 04:08:19;2013-09-16 18:01:09
48009;"yejS1Mzo";18;"female";"credit card";474;2012-04-07 20:20:57;
51324;"85IIDJb3";36;"weiblich";"credit card";475;2013-11-30 06:50:28;2014-01-20 18:20:35
46428;"82BIkDkP";47;"male";"credit card";476;2012-11-04 14:40:26;
69865;"qDo9W06U";52;"male";"credit card";477;2012-09-07 15:50:02;
60330;"2FlbPxHF";56;"male";"cash";478;2011-04-15 08:44:23;2014-01-28 09:51:56
29221;"NNbROgIt";35;"male";"credit card";479;2013-04-27 13:28:38;
24440;"xQwke1qY";29;"female";"credit card";480;2012-07-26 17:20:01;
58540;"XP8VoIk5";32;"male";"credit card";481;2012-05-11 01:18:03;
52955;"AkJfkAuf";72;"male";"cash";482;2011-09-29 08:34:24;2012-12-18 10:00:04
47613;"x1n8swtd";71;"male";"credit card";483;2011-11-03 06:08:14;
45567;"F6yRqbEo";49;"male";"credit card";484;2012-09-11 23:02:09;
38455;"3WW2RIh0";77;"male";"credit card";485;2010-09-17 21:59:41;2011-03-16 12:26:17
24685;"1aFqs1yO";21;"male";"cash";486;2011-11-18 01:33:15;
40852;"UXNDaquE";29;"female";"cash";487;2012-02-02 15:26:00;2012-11-26 03:44:56
69484;"yk7RmqC3";47;"female";"credit card";488;2010-02-20 14:14:30;2013-01-23 22:46:25
54133;"FFHYrq2R";19;"female";"credit card";489;2012-11-30 07:57:40;
45103;"wQjEDrl8";63;"female";"cheque";490;2010-06-30 15:33:57;2013-03-25 09:50:39
34190;"vmqGVieR";24;"male";"credit card";491;2012-04-03 00:08:29;2012-09-28 19:11:36
81622;"gu5K6PC0";66;"female";"credit card";492;2011-10-08 01:01:35;2013-05-28 20:31:45
70974;"C6zIFfnV";23;"male";"credit card";493;2012-03-08 16:47:20;
45689;"fYcLN1ti";45;"weiblich";"credit card";494;2012-07-01 15:10:14;2013-10-16 03:24:24
65625;"Lv6bHYMT";30;"male";"credit card";495;2012-01-19 17:17:56;
49005;"wHh275mF";72;"female";"cash";496;2011-03-04 12:24:16;2013-07-16 19:56:20
59033;"HudYaD06";79;"male";"cash";497;2012-05-02 15:00:26;2013-05-01 16:25:30
18418;"q0dOHlRd";46;"male";"credit card";498;2012-05-26 20:45:01;
58885;"FHALZCAu";69;"female";"cash";499;2011-12-13 19:01:36;
15607;"ygcF4CO1";55;"female";"cheque";500;2011-05-16 10:50:21;2011-12-23 08:11:15
58176;"IJ5eIqCU";27;"female";"credit card";501;2013-06-20 13:14:27;
89514;"1ku04YJG";25;"female";"cash";502;2010-11-27 22:40:44;
60348;"bGdHEYeB";38;"female";"credit card";503;2011-11-23 07:05:53;2012-03-05 15:06:36
19635;"hWWsbvFV";39;"female";"credit card";504;2012-01-26 18:06:33;2013-11-06 23:32:59
46792;"eWjS5w8b";76;"male";"credit card";505;2011-03-15 17:03:17;2012-05-11 15:02:55
46349;"SMstnaz9";34;"male";"cash";506;2012-03-14 00:30:16;2014-03-01 11:28:28
31280;"80PGKjhR";52;"female";"cash";507;2010-06-13 18:19:12;2011-03-03 13:10:28
44756;"xj6Zgj6j";57;"female";"credit card";508;2011-12-03 16:35:31;2013-07-24 04:26:48
63209;"C5g6ifZj";23;"female";"credit card";509;2012-09-14 22:18:43;
57550;"LoJIg9Xc";71;"female";"credit card";510;2011-04-30 04:37:57;2014-01-17 03:11:54
70441;"aCo8NJCD";58;"male";"credit card";511;2013-03-20 18:36:22;
51710;"OZ36TOSi";17;"female";"credit card";512;2013-01-11 08:43:38;2013-08-07 19:52:39
41669;"BjATVOv7";47;"female";"cash";513;2011-09-01 07:42:45;2012-11-13 15:48:31
31894;"AIOIGQsl";41;"male";"cash";514;2011-09-08 14:11:42;2013-12-08 13:43:47
57822;"YbRWLBNt";59;"mänlich";"credit card";515;2013-08-11 16:35:46;
48691;"TkTaU6Ei";19;"male";"credit card";516;2011-06-17 01:04:07;
41464;"MFEnh7bK";18;"female";"credit card";517;2012-06-12 00:42:49;
42002;"ocLvIKIN";53;"mänlich";"credit card";518;2013-01-15 01:52:32;2013-02-17 20:51:13
53455;"qfqG0jwP";44;"male";"credit card";519;2012-06-03 05:01:00;
57398;"mC1mXZvF";33;"male";"credit card";520;2013-03-05 19:56:59;
58218;"cD0f3l1e";28;"male";"cash";521;2012-04-12 03:23:38;
41219;"RXev5Ebs";78;"male";"credit card";522;2011-03-02 21:45:30;2013-07-21 23:30:36
61552;"Ge78zAAF";30;"female";"cash";523;2011-09-20 00:01:08;2013-11-14 18:34:52
30761;"bGVBf0fv";51;"male";"credit card";524;2012-03-11 15:00:05;
39409;"HvzpxffH";39;"female";"credit card";525;2011-09-20 04:12:22;2013-08-25 17:17:38
46263;"sST2q5dY";80;"female";"credit card";526;2010-09-26 22:02:08;2011-08-10 01:11:54
22022;"txwqlFrx";40;"male";"credit card";527;2012-02-06 09:14:10;
37031;"5HsKGpu7";53;"female";"cash";528;2010-11-26 10:05:34;2013-10-17 09:46:18
56543;"IL0FQwuT";28;"male";"credit card";529;2012-09-03 21:00:29;
69146;"KznIZlsO";87;"female";"credit card";530;2011-05-27 12:34:54;2012-06-01 13:23:52
42652;"biBvW212";36;"female";"credit card";531;2010-08-01 19:10:19;2012-05-26 22:24:43
46949;"27GuyYYU";20;"female";"credit card";532;2012-04-28 19:04:27;
24239;"F72y4CHK";37;"male";"cash";533;2011-10-30 12:57:33;2012-09-03 03:36:21
56200;"qfqG0jwP";55;"male";"cheque";534;2011-08-07 14:08:39;2014-02-01 06:59:01
60428;"jgTEURan";72;"male";"cash";535;2011-09-23 19:45:55;
24270;"XhDRv5mi";55;"female";"credit card";536;2011-12-25 08:01:38;2012-11-13 10:19:33
76387;"pM6ncCcg";36;"male";"cash";537;2011-12-24 04:43:14;
39822;"L1KUkYjX";34;"male";"credit card";538;2012-02-18 14:38:36;
68737;"8C4swT2C";41;"male";"credit card";539;2012-04-27 11:11:37;
27368;"dee79fB6";17;"female";"credit card";540;2012-07-30 05:38:20;
19681;"IOgbGQi6";30;"male";"credit card";541;2012-05-10 05:35:10;
59370;"bItyHa6q";17;"male";"credit card";542;2012-02-20 16:04:00;
49474;"DIw2K055";83;"female";"credit card";543;2011-08-20 08:22:52;2012-06-27 16:55:38
40098;"kKqv3Qja";46;"female";"cheque";544;2012-02-29 20:21:55;2012-12-10 00:44:48
44021;"vBuaPTLy";59;"female";"credit card";545;2010-12-04 10:16:56;2013-02-21 15:18:45
67963;"40jeoiUq";18;"male";"cash";546;2012-06-24 02:24:00;
26742;"xOYD8deg";28;"male";"credit card";547;2013-05-02 20:57:13;
26349;"osRHYXPI";26;"male";"cash";548;2012-07-05 10:09:55;
75265;"CDMLQ1KZ";33;"female";"credit card";549;2010-11-16 02:08:18;2012-12-03 03:15:07
52623;"Ff3lZmg5";21;"male";"credit card";550;2012-02-23 20:26:16;
52035;"RMeJtZch";55;"female";"cash";551;2011-10-02 09:29:26;2013-09-03 16:17:13
28681;"WQM9A4KR";68;"male";"cash";552;2011-01-19 00:19:46;2012-04-22 07:07:48
35230;"LDm6Dsk4";29;"female";"credit card";553;2012-10-26 09:49:13;
40374;"p5GybWYd";32;"male";"credit card";554;2011-08-31 07:31:42;
26091;"9tYOT2au";57;"male";"cash";555;2011-07-27 10:01:39;2013-07-02 00:38:27
51596;"BWpxSlU4";63;"female";"credit card";556;2012-03-05 19:18:40;2012-09-09 08:45:50
62613;"oTZDktHt";47;"female";"cash";557;2011-01-05 02:12:17;2013-04-16 23:08:52
70219;"5DEhdw4r";31;"female";"credit card";558;2011-08-22 18:56:46;2012-10-27 08:12:53
47321;"lvzkCIBX";27;"weiblich";"cash";559;2013-02-14 19:59:54;2013-12-02 09:43:37
40261;"mhlXMfhk";18;"weiblich";"cash";560;2012-10-09 03:00:10;2012-11-12 03:56:36
67859;"gXZ8rO9p";51;"female";"credit card";561;2011-07-20 02:17:31;2011-10-01 18:40:45
80650;"8UVYIdiq";17;"male";"credit card";562;2013-01-27 00:53:43;
51280;"aLkVKMxb";48;"male";"credit card";563;2011-11-02 21:41:49;
42537;"3JCDKir5";25;"male";"credit card";564;2012-07-28 10:10:47;
51589;"bc50enYj";42;"female";"cash";565;2011-08-17 14:05:28;2013-01-19 04:55:00
49758;"Qio3jgCL";42;"female";"credit card";566;2011-07-07 01:19:48;2012-10-18 10:12:10
54399;"pESQsFYn";49;"male";"credit card";567;2013-08-27 02:53:39;
35508;"egiVEO2C";47;"mänlich";"cash";568;2012-06-11 01:57:16;2014-01-15 02:03:45
61045;"adpRucto";45;"female";"cash";569;2011-09-05 01:36:50;2013-01-27 02:27:32
66636;"cue1J9YL";49;"female";"credit card";570;2011-01-28 01:11:00;
42795;"9EepdQKj";34;"male";"credit card";571;2012-09-04 03:28:59;2013-11-15 13:50:30
47525;"gFe84siO";39;"weiblich";"credit card";572;2013-11-01 21:52:26;2013-12-18 11:24:07
55815;"y1z7Sd0F";29;"female";"credit card";573;2012-07-02 05:20:05;2013-03-02 13:46:06
50494;"6RKmTzjy";32;"female";"cash";574;2010-11-25 03:05:30;
89337;"geHmvFIs";25;"male";"cash";575;2012-06-23 17:34:21;
28187;"ITG46Krv";21;"male";"credit card";576;2013-04-25 01:28:32;
46367;"jNO6ylgr";57;"female";"cash";577;2010-12-14 14:33:15;2013-01-23 18:18:44
50409;"rRigKXZl";64;"female";"credit card";578;2011-09-26 13:22:56;2013-03-13 16:20:23
44191;"83d7eRMo";51;"female";"cash";579;2011-12-06 17:58:13;2013-09-28 19:50:02
35597;"z3POfQ5L";24;"male";"credit card";580;2013-02-09 14:06:30;
45272;"2rBtu6uh";60;"male";"credit card";581;2012-05-02 21:48:56;
60164;"8LWL2ga0";35;"mänlich";"credit card";582;2012-09-10 11:54:17;
64198;"Xvhgq6In";54;"male";"credit card";583;2012-04-05 14:00:10;
40446;"WMQcB9Hn";55;"female";"cash";584;2011-06-19 21:48:54;2013-10-24 04:33:01
60089;"c1jjHk7X";40;"mänlich";"cash";585;2013-05-22 08:40:26;
77274;"8VREZhhZ";43;"mänlich";"cash";586;2012-11-16 05:25:01;2013-07-28 19:34:25
49592;"XmHhZdhj";91;"male";"credit card";587;2012-02-01 17:07:39;2012-11-16 09:59:26
36272;"r37KPWWf";40;"female";"cash";588;2012-02-09 00:28:03;
30636;"FeFTZoBg";51;"male";"cash";589;2011-08-17 07:56:59;
58790;"cblOSGwv";46;"female";"credit card";590;2012-01-23 00:01:37;2013-07-26 16:28:44
92029;"0dFBEzCp";76;"weiblich";"cash";591;2013-07-07 18:33:38;2013-08-01 14:20:29
39394;"F2MYhfRt";54;"male";"cash";592;2011-02-14 02:59:57;2013-12-24 08:25:13
45729;"ccVSKQn6";17;"female";"credit card";593;2012-07-04 12:24:02;
60783;"GcdANJZ9";21;"female";"cheque";594;2011-10-19 18:40:20;2011-12-31 05:42:49
90336;"nq4LkgfH";18;"female";"credit card";595;2012-01-15 13:03:56;
64400;"DTabIQ8M";20;"female";"credit card";596;2012-07-28 06:58:09;
51655;"G1c0kZqQ";27;"male";"cash";597;2012-01-12 17:11:06;
38006;"Anakdu8V";28;"male";"credit card";598;2011-09-09 10:43:28;
68770;"x1n8swtd";44;"female";"credit card";599;2011-03-09 06:04:12;2011-06-16 09:14:34
19111;"Mwnp91Qm";21;"male";"credit card";600;2013-05-15 19:36:10;
69546;"0JbDpFTI";32;"mänlich";"cash";601;2013-06-26 13:05:00;2013-11-09 08:14:20
48232;"a581F8G8";37;"female";"cash";602;2011-09-19 04:24:45;2013-06-01 22:54:16
52544;"A2KMLVHQ";18;"male";"cash";603;2011-06-09 11:31:10;2013-07-22 00:09:04
47553;"WPDcMcD3";89;"female";"credit card";604;2011-07-12 06:00:56;2014-03-02 04:36:44
15024;"ofnLhsJr";41;"male";"credit card";605;2012-07-14 13:36:43;
38543;"GL0O9BkK";72;"male";"cash";606;2011-12-22 01:04:33;
52846;"joCQ5blJ";29;"female";"cheque";607;2011-11-26 17:47:12;2012-08-01 01:31:52
36093;"48ejwW8C";46;"male";"credit card";608;2012-11-08 13:51:59;
54446;"JRUwG50V";61;"female";"cash";609;2011-05-30 16:53:08;2013-10-02 04:22:29
53362;"l7yL3X2p";20;"male";"credit card";610;2013-03-15 16:30:12;
43429;"XE5S1xe9";45;"male";"credit card";611;2012-04-28 11:07:33;
42028;"uWJsnxrs";62;"female";"credit card";612;2011-03-01 14:08:24;2011-08-24 20:33:51
67218;"tzZOdNNz";51;"male";"credit card";613;2013-04-22 05:20:08;2013-08-21 04:33:20
38695;"xdjkCxXu";74;"weiblich";"credit card";614;2012-11-13 09:31:20;
54172;"M2gebuP9";48;"male";"credit card";615;2013-07-15 18:38:34;2014-02-05 11:25:35
45987;"8TvDS9GP";28;"male";"cash";616;2013-05-16 15:38:14;
33865;"Kc361UEC";46;"weiblich";"credit card";617;2012-12-05 14:42:30;2012-12-07 23:15:16
33871;"6AMxtCXu";32;"female";"credit card";618;2011-09-26 02:09:42;2014-03-04 12:06:47
35761;"DyX2oo6y";53;"female";"cash";619;2011-03-21 18:35:21;2013-07-01 18:55:23
40103;"QZNLpGKp";57;"male";"credit card";620;2011-10-22 09:39:09;
44088;"YPzB9wep";22;"male";"cash";621;2012-04-18 06:29:06;2013-10-06 14:14:35
67735;"Rv3TbHnx";49;"male";"credit card";622;2011-12-12 13:40:26;
47988;"xSmRRo8l";63;"male";"credit card";623;2011-12-14 02:40:17;2013-01-30 16:00:58
65403;"MSwC9s91";90;"mänlich";"credit card";624;2013-11-20 11:58:14;2014-02-28 20:34:47
48606;"VTcgeeFy";57;"male";"cheque";625;2010-12-25 02:04:37;2011-01-15 12:09:53
66950;"HuETIuK1";28;"female";"credit card";626;2012-07-18 21:57:42;
50461;"f8cyH1Sq";17;"female";"cash";627;2011-04-26 09:18:40;
38314;"MFEnh7bK";50;"male";"cash";628;2011-03-22 11:46:36;
73446;"07qYU3UO";51;"male";"credit card";629;2012-06-11 15:45:44;
40913;"crPUYdcS";74;"weiblich";"credit card";630;2013-07-13 06:58:25;2014-01-16 09:33:48
80818;"mcuzmLS9";73;"female";"credit card";631;2011-07-01 00:40:35;2014-01-31 16:06:14
36660;"aaW8qFWn";52;"male";"cash";632;2011-05-09 17:22:20;
55935;"cF9UWaPC";52;"female";"credit card";633;2011-08-02 10:29:05;2014-03-15 20:39:07
77118;"aFcQXWKe";19;"mänlich";"credit card";634;2014-02-25 10:17:26;
85308;"a2GnVaW8";54;"male";"cash";635;2011-06-14 00:20:45;2011-10-26 07:37:02
29697;"5KujlJwH";26;"mänlich";"credit card";636;2012-10-11 23:30:19;
72128;"mS6tIbdQ";25;"female";"cheque";637;2011-01-09 03:34:06;
61892;"KJ6hj6sI";42;"male";"credit card";638;2011-12-28 01:15:42;
28282;"ocLvIKIN";78;"female";"cash";639;2010-09-30 23:51:58;2011-09-16 16:19:29
43368;"CSOce7KM";34;"male";"credit card";640;2012-08-20 17:46:56;
40580;"pIITnvn2";19;"weiblich";"credit card";641;2013-04-12 19:05:47;2014-02-08 01:02:51
42846;"9ClyAwcK";27;"weiblich";"cash";642;2013-04-12 08:05:58;2013-07-02 09:55:59
35669;"p7iVK0st";81;"mänlich";"credit card";643;2012-09-06 14:29:01;
43143;"ZG4oIMce";32;"female";"cheque";644;2011-04-11 14:33:25;2013-03-12 13:08:14
54630;"fMiscyUn";70;"male";"cash";645;2012-05-19 05:16:56;
34991;"KhYWNyXV";23;"female";"credit card";646;2012-08-30 16:43:58;2012-12-11 00:27:25
66583;"5KX1YG47";17;"female";"credit card";647;2013-06-24 02:49:23;
49110;"1nPzxvzv";19;"male";"cash";648;2012-10-24 01:14:38;
53027;"dbni56Jc";42;"female";"credit card";649;2011-03-11 19:56:54;2013-08-05 23:22:18
49973;"SswVQQan";27;"female";"credit card";650;2012-05-27 22:53:17;
50791;"8PXbWrBz";57;"female";"credit card";651;2011-05-05 04:15:05;2012-07-23 18:06:41
99575;"I7QHVREl";57;"male";"credit card";652;2011-12-03 20:46:44;
62370;"qEgENbk8";67;"male";"cash";653;2011-05-21 07:09:44;
36906;"EBYhau19";63;"female";"cheque";654;2012-07-09 17:44:42;2013-05-14 13:17:42
17193;"H57aDBgM";40;"female";"credit card";655;2011-05-09 06:26:05;2013-05-29 12:55:11
59105;"luG6I4xE";21;"male";"cash";656;2012-03-16 13:22:53;
27739;"GRGGenRP";58;"female";"credit card";657;2011-04-02 12:49:51;2012-01-18 00:07:20
38030;"1lq6CER9";23;"mänlich";"cash";658;2012-11-16 05:15:28;
33937;"cD0f3l1e";76;"male";"credit card";659;2011-08-16 14:02:05;2012-08-26 20:13:08
21273;"gYZr4Ubb";73;"female";"cash";660;2011-06-20 20:26:22;
65779;"ZWllOgnR";40;"female";"cash";661;2012-06-14 08:38:04;2013-09-17 02:46:39
33334;"vyLYrSRA";33;"male";"credit card";662;2012-02-05 10:24:49;
36325;"ac0GDNIY";54;"male";"credit card";663;2012-09-20 05:47:10;
49967;"nebDykfo";17;"female";"credit card";664;2013-09-10 13:15:13;
34635;"7GDdhe6R";51;"male";"cash";665;2011-03-03 10:10:55;2012-05-29 18:03:24
33149;"7po3yYKG";48;"female";"credit card";666;2011-02-17 13:01:09;
78662;"ciyztJx7";43;"male";"credit card";667;2012-08-21 00:23:42;
58968;"TswO1yYT";36;"male";"credit card";668;2012-03-24 03:46:55;2013-08-03 00:35:44
69095;"ZZ7rw34u";22;"weiblich";"credit card";669;2013-06-11 08:07:16;
10807;"3WW2RIh0";62;"male";"credit card";670;2012-07-12 16:18:28;2013-10-11 04:23:32
48179;"VBdUMH6m";43;"male";"credit card";671;2011-12-04 00:10:08;
41039;"I6qhUCCn";42;"weiblich";"credit card";672;2013-02-11 22:24:06;
46123;"jM5B2Oy6";22;"male";"cash";673;2013-11-12 16:30:50;
50442;"GfCBBftm";64;"male";"credit card";674;2012-09-13 21:05:43;2013-03-21 07:53:42
40841;"rRigKXZl";34;"male";"cheque";675;2011-12-20 15:36:31;
37897;"hWwmr5HF";42;"female";"credit card";676;2011-08-31 20:51:50;2013-07-31 03:24:00
48497;"210LCbHt";19;"female";"cash";677;2010-12-20 18:22:56;2012-01-15 02:30:00
69730;"sS2vCT52";36;"male";"credit card";678;2012-10-03 08:36:10;
29475;"fQVWJq3J";39;"male";"credit card";679;2013-05-31 13:32:12;
67645;"irm9nykP";83;"male";"credit card";680;2011-09-24 10:55:44;2012-11-23 05:05:46
30163;"ofLXWIrf";28;"female";"credit card";681;2012-05-22 07:43:01;
44961;"DccmZtIo";68;"male";"cash";682;2011-09-10 17:58:49;2012-10-24 00:05:50
44647;"t70fywzH";48;"male";"credit card";683;2012-10-19 16:15:19;2013-01-15 07:38:18
82609;"pCUO5AGa";60;"female";"credit card";684;2011-12-23 04:39:52;2012-03-29 03:15:51
1;"Zqrmm6Jw";76;"male";"credit card";685;2012-02-29 14:36:16;2013-02-04 15:25:23
55044;"HjX4YiFL";50;"female";"cheque";686;2011-07-01 17:12:39;2012-02-26 12:18:19
61102;"xE1iyLHy";21;"female";"credit card";687;2012-04-27 09:40:16;
86102;"99G9OUES";46;"female";"credit card";688;2010-10-17 23:01:51;
49061;"xj6Zgj6j";35;"weiblich";"credit card";689;2013-08-20 16:43:36;
40411;"JtQrYJwi";27;"male";"cheque";690;2012-08-07 21:58:32;
58408;"EslM5G94";39;"male";"credit card";691;2012-09-14 05:35:33;
53729;"z2Rmelov";61;"male";"credit card";692;2012-10-22 13:33:00;2013-08-09 05:58:24
33908;"RWRfvJjq";20;"female";"credit card";693;2011-12-01 13:10:40;
66781;"kYI12cAZ";22;"female";"credit card";694;2013-07-02 00:23:47;
89052;"bbY8Fobr";53;"female";"credit card";695;2011-06-19 13:05:07;2011-07-28 08:29:08
42188;"vXlDIOis";20;"male";"cash";696;2013-09-03 05:43:10;
42900;"yqcZ35WH";34;"male";"credit card";697;2012-09-05 23:00:26;
50234;"v68rHD96";52;"male";"credit card";698;2012-07-15 03:19:37;2014-04-03 05:49:13
67018;"4w0WWg2R";36;"male";"credit card";699;2012-05-21 11:03:36;
27575;"UFFbeEhx";52;"female";"credit card";700;2011-07-06 01:15:38;2011-09-07 14:35:15
51401;"n6jgalc6";28;"male";"credit card";701;2013-01-24 21:54:22;
26401;"XLvx37Vw";40;"male";"credit card";702;2012-11-22 06:37:08;2013-07-14 19:50:34
49118;"sVoaunIJ";32;"male";"credit card";703;2012-07-11 18:36:21;2013-04-18 23:41:25
50694;"kauPYUXF";18;"female";"credit card";704;2012-12-06 22:16:16;
65104;"MjSWItFY";22;"female";"cheque";705;2012-05-11 20:33:27;2012-12-06 22:32:32
39544;"iHZMq1Dw";81;"male";"credit card";706;2011-08-21 10:06:44;
36898;"jKJHI0CQ";52;"female";"cash";707;2012-04-13 08:32:03;2013-04-12 13:06:51
52874;"6FH0rCkG";76;"female";"credit card";708;2011-01-25 13:34:44;2014-01-15 15:26:54
51970;"OHIF3ecs";43;"male";"credit card";709;2012-10-10 13:58:51;2013-03-15 14:10:47
64819;"cIvQkgwM";23;"male";"credit card";710;2012-04-06 12:40:35;
63650;"g5E0bl15";34;"male";"credit card";711;2011-04-11 18:46:44;
42954;"dXngQAKL";38;"female";"credit card";712;2011-12-04 07:54:14;
32199;"SswVQQan";33;"female";"credit card";713;2011-11-29 10:58:49;2012-03-31 21:14:30
63542;"1rZ9h8m4";48;"male";"cash";714;2012-04-22 08:39:49;2012-11-08 23:23:59
77703;"QEWjfNrr";41;"male";"cash";715;2011-11-18 15:40:40;2013-02-13 08:39:54
79357;"vlxRfaAW";78;"male";"credit card";716;2011-08-31 21:27:34;2013-06-19 19:16:25
46667;"FPZMcUao";51;"female";"credit card";717;2012-03-18 21:20:54;
46028;"QC0PxkTj";42;"male";"credit card";718;2012-10-08 14:47:53;
30342;"k724vTmh";72;"male";"cash";719;2011-02-04 11:03:09;2011-05-23 22:33:32
57700;"5oVbIxrx";20;"female";"cash";720;2011-10-24 11:46:24;
64284;"Ok4kXMgV";69;"male";"cash";721;2011-03-27 01:25:25;2011-06-20 17:04:24
34370;"mER1zSfB";37;"male";"cash";722;2011-04-19 16:25:53;2012-05-13 20:04:19
52589;"LhERqe5J";45;"female";"credit card";723;2011-03-17 16:13:44;2012-07-24 11:08:07
33541;"0D0bfb8u";77;"female";"credit card";724;2011-01-08 13:41:00;2011-03-16 07:12:23
57524;"0jaf6gIe";79;"male";"credit card";725;2011-04-23 07:13:14;
40655;"uCiES69C";56;"male";"credit card";726;2012-03-30 22:04:52;
84612;"4n3ks5VY";44;"male";"credit card";727;2012-10-06 10:27:07;
27870;"dFKJcT7m";30;"male";"cash";728;2012-09-14 10:17:06;
60075;"lJC8cDTW";50;"female";"cash";729;2011-10-31 00:01:31;
53043;"PtELzyxg";57;"male";"cash";730;2010-11-13 10:14:38;2011-05-05 11:13:53
37886;"LXKILJTG";42;"male";"credit card";731;2013-03-07 02:16:16;2014-03-08 22:55:33
87301;"Yl0ue0eM";64;"female";"cash";732;2011-05-17 15:12:43;2013-05-15 06:05:59
49269;"dtH1ihHJ";50;"weiblich";"cash";733;2012-09-30 23:02:36;2013-09-25 09:42:51
38072;"CUvQEq7g";28;"male";"cash";734;2012-10-19 19:07:22;
65029;"t4NN8r4z";50;"mänlich";"cash";735;2013-06-19 00:49:10;2014-04-01 22:12:51
43119;"b9Dn6Xb4";41;"female";"credit card";736;2012-05-19 19:28:20;2012-10-03 01:27:26
53130;"ZZ7rw34u";64;"female";"credit card";737;2011-02-09 08:14:49;2011-08-11 22:27:00
61905;"MC2LD1Ms";81;"female";"credit card";738;2012-06-03 23:53:20;2013-10-20 21:53:50
53376;"dtH1ihHJ";48;"female";"cash";739;2011-12-26 17:19:58;2013-09-25 08:18:05
64542;"fOuMHIH0";84;"male";"credit card";740;2011-11-02 11:22:57;
34249;"YliWRuTy";29;"male";"credit card";741;2012-03-14 23:07:29;
11286;"TjL385ah";26;"mänlich";"cash";742;2013-05-19 23:15:41;
76021;"1L33JVVK";42;"female";"credit card";743;2012-02-01 03:36:15;2013-06-28 12:37:36
33216;"kqenXy0G";40;"female";"credit card";744;2010-11-03 23:39:10;2012-07-01 10:34:53
63945;"JZWWtfKn";79;"male";"credit card";745;2011-09-09 08:31:39;
62107;"RDqQR6Xo";70;"male";"credit card";746;2011-12-24 19:09:56;2013-01-02 00:59:21
83142;"fIIM6VM5";51;"male";"cheque";747;2010-09-01 00:15:46;2011-04-03 08:45:44
41329;"uBiX2XWM";24;"female";"cheque";748;2011-02-22 21:27:47;2014-03-31 10:45:47
43452;"9OAhFH6n";17;"female";"credit card";749;2011-11-08 23:01:34;
64133;"QBldBkBq";17;"male";"credit card";750;2012-04-18 08:32:13;
49927;"oXY8wGdL";18;"male";"credit card";751;2012-09-27 16:19:08;
32767;"62jGqDaT";45;"male";"credit card";752;2013-01-01 23:18:44;
56563;"AbTaRbkz";51;"male";"cash";753;2011-11-16 14:14:59;2014-03-23 05:15:13
32837;"WRQSfr85";17;"male";"credit card";754;2012-03-28 22:32:17;
91027;"jtT33Ykn";74;"female";"credit card";755;2011-06-08 08:40:18;2013-03-23 21:44:03
33983;"dYQHApCw";35;"female";"credit card";756;2011-03-14 18:12:07;2012-03-04 04:59:36
60732;"bjRZxSES";19;"mänlich";"cash";757;2012-12-02 06:58:03;
65557;"8QI6TD3s";24;"male";"credit card";758;2012-11-20 19:33:59;
28595;"yk7RmqC3";58;"male";"credit card";759;2012-11-24 16:01:50;
72772;"mKaYvZby";45;"female";"credit card";760;2011-10-12 13:59:24;2011-12-10 23:24:58
28553;"mgyVZXbh";43;"female";"credit card";761;2011-01-04 05:34:23;2011-10-11 17:01:44
80391;"RziSbNhF";76;"female";"cash";762;2011-08-12 13:18:51;2012-12-15 08:14:25
36933;"NAdFk1Tr";58;"female";"cash";763;2012-09-24 22:55:32;
39032;"nOqAPzqj";33;"male";"cheque";764;2013-03-17 20:47:09;
62427;"tpxwJRrU";81;"male";"cash";765;2010-04-05 09:20:17;2012-08-22 19:38:22
49337;"b8SO66Si";20;"female";"credit card";766;2012-08-26 03:34:47;
77479;"sRQ1SlHw";52;"male";"cash";767;2011-06-30 05:37:24;2013-01-31 23:38:52
26537;"I1loIbea";22;"male";"cash";768;2012-04-02 07:00:08;
30900;"QW3zS8Uk";18;"female";"credit card";769;2012-07-25 20:06:36;
69102;"w5494UNZ";65;"male";"cash";770;2012-08-28 11:44:10;2012-12-28 06:14:52
52589;"O9eRgULL";17;"female";"credit card";771;2013-02-19 14:32:24;
38976;"ghQ7LDsC";29;"female";"credit card";772;2012-11-02 06:39:07;
43258;"joEpLf0I";72;"female";"credit card";773;2011-04-11 15:17:19;2012-12-09 16:02:09
46951;"fya0KpSq";39;"male";"cash";774;2012-02-16 20:53:08;2012-09-20 08:46:41
48264;"ewFKv4hj";33;"male";"cheque";775;2013-12-05 04:59:35;2014-01-02 09:15:10
63369;"90b2hpAW";52;"mänlich";"credit card";776;2011-10-20 08:37:33;
49306;"VfhBsG5n";62;"male";"credit card";777;2012-11-22 15:36:04;
62064;"XE5S1xe9";17;"male";"credit card";778;2012-12-03 09:53:10;
30018;"aBtmalCM";30;"female";"credit card";779;2012-05-22 11:12:53;
43859;"wRix0FdL";30;"female";"credit card";780;2011-10-31 18:24:21;
62682;"sUcNBw7u";59;"female";"cash";781;2011-11-21 02:34:16;2012-09-08 17:07:07
54206;"J3TZwtTB";40;"weiblich";"cash";782;2013-05-09 11:17:33;2014-01-10 02:20:16
38655;"dKjQRsZi";26;"male";"credit card";783;2012-10-04 05:05:42;
48891;"HffKh3gn";51;"weiblich";"credit card";784;2013-06-22 03:12:57;2014-04-04 06:35:18
58251;"R2bV1P8j";59;"male";"credit card";785;2012-05-24 21:51:18;
78942;"gG2mF06W";30;"male";"credit card";786;2012-10-07 12:28:05;
43132;"pPtaNhzB";54;"male";"cash";787;2011-09-18 04:21:05;2012-09-07 04:50:07
52829;"VUm2JBxY";39;"mänlich";"credit card";788;2013-06-11 12:10:51;
70737;"XMDsRKKc";37;"male";"credit card";789;2012-12-14 21:43:31;
49215;"qgfMTEmo";37;"female";"cheque";790;2011-11-11 17:02:38;2012-03-23 06:53:16
54257;"Q8sH3k5x";43;"female";"cash";791;2011-06-25 14:49:29;
78568;"BYv0hFhr";42;"male";"cash";792;2010-10-27 09:56:56;2010-10-29 12:42:00
54019;"zPlL3DcR";36;"male";"credit card";793;2012-06-25 12:15:56;
32241;"Z3hU8hN5";43;"male";"cash";794;2011-06-01 07:11:30;2014-02-17 03:13:32
47569;"iDJc56xm";30;"female";"credit card";795;2013-01-06 18:33:25;
39697;"Ax20kLFg";38;"female";"credit card";796;2011-07-13 22:32:36;2011-09-04 10:53:19
86731;"84hLtkHj";67;"female";"credit card";797;2012-07-17 05:23:33;2013-01-25 20:37:27
62937;"JtQrYJwi";18;"male";"credit card";798;2012-09-03 09:32:26;
47804;"IMysMbpl";71;"male";"cash";799;2011-02-27 04:25:16;2013-09-19 11:30:38
23746;"cujNb6GQ";45;"male";"cheque";800;2012-02-18 19:25:39;2013-01-31 14:30:40
73437;"ui2eoGFc";59;"female";"credit card";801;2010-12-09 21:04:42;2011-09-17 13:13:41
61534;"HdccLHtu";39;"weiblich";"credit card";802;2013-09-23 14:18:25;2014-02-17 02:14:30
60310;"0gRpzmdn";41;"male";"credit card";803;2012-07-22 10:14:58;
65092;"FtGlaAO8";70;"male";"cash";804;2011-10-26 14:01:17;2013-11-01 09:22:25
24626;"LysE8Bjg";31;"male";"cash";805;2013-01-02 16:46:02;2013-12-20 06:29:27
51913;"BOl2gvcX";91;"male";"credit card";806;2011-08-15 03:28:10;2012-01-03 19:05:36
24389;"3dMh98zG";59;"mänlich";"credit card";807;2013-01-31 07:52:49;
59259;"cQxVAmeI";47;"male";"credit card";808;2012-07-17 23:32:28;
44254;"foJr9t5u";56;"female";"credit card";809;2011-01-23 11:26:39;2013-06-25 16:52:45
30851;"betRn5YN";44;"male";"cash";810;2011-11-18 05:18:20;
51526;"AHHxc9kM";78;"male";"credit card";811;2011-07-19 20:26:28;2012-07-20 18:02:06
33921;"rxi2psQB";35;"female";"credit card";812;2011-03-04 13:14:49;2011-03-13 14:14:00
53939;"bItyHa6q";27;"male";"credit card";813;2013-08-19 10:20:04;2013-12-10 09:19:04
52925;"qERLGCdj";57;"male";"cash";814;2011-06-06 20:31:43;2011-10-22 16:37:43
61009;"zhkSv1Ke";21;"male";"credit card";815;2012-06-25 15:26:20;
62584;"UzKcxBaP";53;"male";"credit card";816;2013-03-07 11:13:14;
60803;"9FL9XdqV";90;"female";"credit card";817;2012-01-27 21:49:09;
26753;"iXGT9vAo";32;"mänlich";"credit card";818;2013-09-23 20:20:23;2014-02-03 04:00:58
60180;"3bgeC6rr";41;"female";"cash";819;2012-03-15 09:57:16;2013-08-24 13:23:15
55954;"2d934Bu7";47;"female";"credit card";820;2011-12-06 03:56:03;2013-01-27 02:54:14
27168;"BtCY2Neh";90;"male";"credit card";821;2011-10-25 07:23:28;2012-12-18 14:35:54
43205;"z0VM3gps";72;"male";"cash";822;2011-09-26 16:37:51;2013-10-17 09:08:02
41534;"9SmKpcM1";42;"male";"cash";823;2011-04-19 02:35:51;
64283;"atMTm4DU";59;"male";"cheque";824;2011-05-14 17:22:43;2013-08-16 00:51:43
58383;"v0VSwLW8";29;"female";"cash";825;2012-12-23 20:31:44;
66555;"U87clKzw";39;"male";"credit card";826;2012-11-12 13:53:41;
69803;"t6LssDc4";41;"female";"cheque";827;2012-04-05 11:14:05;
58653;"efYQpP8S";28;"female";"cash";828;2011-04-12 09:09:05;2012-02-25 01:39:22
41811;"6hJExwDv";72;"weiblich";"credit card";829;2013-10-21 22:31:26;2014-02-13 08:04:34
47473;"VVYiedd1";45;"female";"cheque";830;2012-02-29 08:51:16;
34700;"LjEwgghy";26;"female";"credit card";831;2013-08-09 12:54:10;
30742;"sBQiXOZp";29;"female";"credit card";832;2013-08-06 23:50:19;
66489;"PxF8RGF9";28;"female";"credit card";833;2012-08-08 22:48:07;
61250;"Lp7fHHX7";21;"male";"credit card";834;2012-02-03 22:15:12;2014-03-29 20:18:30
49624;"G35yodto";40;"mänlich";"credit card";835;2013-04-11 01:43:42;
58513;"FGIAqKvd";85;"male";"credit card";836;2012-01-06 02:02:41;
48561;"R9WZiAue";50;"female";"credit card";837;2013-02-26 22:22:13;
66510;"qdshQwdW";21;"male";"credit card";838;2012-09-29 08:37:03;
37971;"GgEMzGeT";60;"female";"credit card";839;2010-12-27 08:27:25;2011-01-27 06:05:56
27734;"gLLx35l1";76;"weiblich";"cash";840;2012-12-26 21:26:58;
49560;"oTZDktHt";84;"female";"credit card";841;2011-12-24 23:36:55;2012-03-16 04:50:16
42646;"vaBGs2wG";49;"female";"credit card";842;2012-02-12 15:34:03;2012-12-12 13:23:10
64855;"pXvDL0bK";39;"female";"cash";843;2011-10-05 10:38:19;2012-10-01 07:09:33
70783;"UAIsrQB1";17;"male";"credit card";844;2012-10-25 23:53:02;
23851;"UtVqhmSO";54;"female";"credit card";845;2010-09-01 05:40:41;2011-04-22 11:29:25
48600;"kXtbwzs3";64;"mänlich";"cash";846;2013-05-04 05:49:14;
66295;"kauPYUXF";32;"male";"cash";847;2012-11-27 00:08:40;
63033;"VUQa3oh2";35;"male";"cash";848;2013-02-10 20:41:35;
28003;"wYWMkBR1";34;"mänlich";"cash";849;2013-02-05 12:09:36;
99999;"kFRWAgVk";33;"female";"credit card";850;2012-01-06 10:10:55;2012-10-27 09:21:55
50974;"XWHLfcAs";22;"male";"credit card";851;2012-11-06 22:20:27;
43939;"VsbDHkXI";73;"female";"cheque";852;2012-04-02 16:32:22;2013-05-23 14:06:38
76903;"oHbgmBfM";39;"male";"credit card";853;2012-02-09 10:10:56;
44793;"G1c0kZqQ";47;"female";"cash";854;2012-06-14 02:31:38;2012-10-11 08:46:03
53954;"Kk9r7cFY";26;"female";"credit card";855;2013-10-07 17:18:48;
42615;"C6ydBL3k";67;"male";"cash";856;2012-01-03 08:17:34;2012-04-09 09:42:27
46698;"Xl4Rzb3l";52;"male";"credit card";857;2013-07-09 00:49:01;
54270;"vtqPRomS";23;"female";"credit card";858;2013-02-17 20:16:40;
66121;"0JhOQ8Qd";61;"female";"cash";859;2012-07-20 03:57:15;2013-05-18 10:05:09
51185;"zD2BIz5J";55;"weiblich";"credit card";860;2013-04-07 14:26:39;
59439;"cujNb6GQ";71;"male";"cheque";861;2012-07-06 03:50:20;2012-07-29 02:33:07
56726;"M7k3Q56M";42;"female";"credit card";862;2011-07-09 06:57:22;
63864;"PtELzyxg";42;"male";"credit card";863;2013-04-17 04:38:53;
40400;"ORbs0Lvf";69;"female";"cash";864;2012-02-04 09:48:53;2012-06-22 19:10:05
59787;"CG3hseQg";34;"male";"cash";865;2012-11-28 07:56:30;
23320;"hrYVKtik";20;"female";"credit card";866;2012-11-11 06:58:51;
49695;"8TyhrvGv";86;"male";"credit card";867;2011-07-19 21:35:11;2012-12-08 00:13:51
24888;"40xiWgv9";44;"male";"cheque";868;2012-12-07 17:54:04;2013-08-01 23:07:21
50237;"iD6rf8X0";83;"female";"cash";869;2012-02-27 23:16:17;2014-01-05 04:35:52
70795;"K2SwvDUq";25;"male";"credit card";870;2012-11-21 06:00:31;
39874;"4SM4YBZJ";45;"male";"cash";871;2011-01-26 01:17:05;2012-06-01 09:01:50
50286;"KHQtO7w3";19;"male";"credit card";872;2012-10-12 11:14:18;
53800;"irdKbEjp";45;"male";"credit card";873;2012-12-05 11:53:59;2012-12-10 09:45:04
16287;"ZWllOgnR";43;"female";"credit card";874;2011-03-29 17:37:27;2012-08-19 14:40:50
36385;"b6OHSgJp";31;"male";"credit card";875;2013-05-16 14:21:06;
43806;"YliWRuTy";90;;"cash";876;2011-07-20 21:27:28;2013-06-19 05:21:03
52813;"vlxRfaAW";20;"male";"credit card";877;2012-09-06 12:12:16;
47047;"a2PoJ8ki";56;"mänlich";"credit card";878;2012-12-09 00:01:37;
39874;"xO44WLs3";61;"female";"credit card";879;2011-05-08 21:53:39;2013-11-16 18:53:04
64312;"K6kMxuJP";20;"male";"credit card";880;2012-02-08 08:15:10;
39757;"hf5hPzp3";25;"female";"credit card";881;2012-09-18 16:27:41;
51205;"fwjpXA4a";45;"mänlich";"cash";882;2012-12-15 16:20:16;2014-01-22 01:32:58
54545;"Rv3TbHnx";38;"female";"credit card";883;2012-06-15 13:48:51;2013-11-07 22:34:02
60887;"0JhOQ8Qd";37;"male";"cheque";884;2012-01-17 10:46:46;2014-01-03 14:46:25
46154;"0umdDpXY";44;"male";"credit card";885;2012-08-02 06:56:20;
50300;"9g6VmGea";51;"mänlich";"credit card";886;2012-09-21 19:00:47;
52384;"QEKAlp1B";27;"male";"credit card";887;2012-10-25 23:07:20;
77948;"GVyk9T3k";42;"female";"cash";888;2011-11-21 00:11:31;2012-04-04 13:55:34
60214;"kPllLZRN";37;"male";"credit card";889;2012-05-25 11:40:30;
62265;"iQ7emDBS";20;"male";"cash";890;2012-11-10 23:04:44;
36295;"Hps22IPl";55;"female";"credit card";891;2011-03-08 19:54:49;
45682;"goLdUeh8";64;"male";"credit card";892;2012-11-12 19:31:02;
35853;"hydgaqUB";56;"male";"credit card";893;2011-11-19 02:52:55;
56713;"QEWjfNrr";66;"female";"cash";894;2011-12-16 15:59:45;2012-01-11 17:30:36
78832;"QbYO4GWz";69;"female";"credit card";895;2012-04-19 16:21:27;2013-08-19 19:55:09
48859;"luwY0LvJ";89;"male";"cash";896;2012-09-12 19:28:34;2013-04-30 22:32:51
50719;"7N8iQldz";41;"male";"credit card";897;2012-12-04 15:06:02;2014-04-03 12:42:10
45436;"Xs7QOvjj";48;"male";"credit card";898;2012-07-02 04:19:32;
59830;"4pEvG68d";38;"male";"credit card";899;2012-08-01 19:27:35;
52214;"ClU1K8pr";38;"male";"cash";900;2011-11-05 13:37:44;2014-01-12 20:22:07
39913;"Xs7QOvjj";67;"male";"cash";901;2011-03-03 10:54:50;2011-09-25 12:04:41
94741;"zfK9yoyR";87;"male";"cheque";902;2011-07-13 09:12:01;2013-11-23 08:59:52
65985;"vLgIg5Nz";29;"male";"cash";903;2013-04-20 04:32:37;
34487;"BAPZtsPS";51;"female";"credit card";904;2012-01-05 11:15:28;2012-07-05 03:22:45
71111;"y1nBm0uq";31;"male";"credit card";905;2012-11-16 21:48:29;
62628;"Ewp7EdBm";34;"female";"credit card";906;2011-08-13 16:54:07;2013-03-30 14:30:02
50469;"HdsDet1B";32;"male";"credit card";907;2012-07-13 11:58:22;
62144;"w6dAdH77";26;"female";"cheque";908;2010-10-10 09:03:10;
96532;"jUNaG3EC";65;"male";"credit card";909;2013-02-08 17:39:22;
88362;"8wYtDBo8";43;"male";"credit card";910;2012-09-05 14:00:30;
66250;"w6dAdH77";45;"female";"credit card";911;2012-03-26 19:43:21;2014-01-10 03:13:40
43336;"BYv0hFhr";57;"female";"cash";912;2012-11-09 23:28:30;
51215;"5axdrhwL";34;"male";"credit card";913;2013-07-04 11:42:43;2013-10-21 01:22:08
63802;"GRGGenRP";18;"female";"credit card";914;2013-07-07 17:45:13;2013-12-27 18:51:02
49261;"GJLsfnUz";70;"female";"cash";915;2012-03-04 11:38:56;
39868;"wCMq8WUK";75;"weiblich";"credit card";916;2012-06-19 07:13:46;2013-06-06 19:11:53
53698;"bfskXmFM";46;"female";"credit card";917;2012-07-05 12:33:14;
22184;"bfpKdP3O";24;"male";"credit card";918;2012-08-17 07:21:40;
29665;"k9ml4Bd6";52;"male";"credit card";919;2012-03-04 05:48:34;
60633;"w6dAdH77";48;"female";"cash";920;2011-04-16 23:43:55;
24913;"FcPvi0wk";27;"female";"cash";921;2011-05-04 06:16:58;2014-04-02 14:42:36
44612;"6JVHkI4k";;"male";"credit card";922;2011-03-10 19:47:03;2013-06-16 03:26:33
70311;"oTZDktHt";26;"male";"credit card";923;2013-05-16 06:43:46;
55530;"imiE2Rrp";57;"male";"cash";924;2010-12-12 07:46:23;2011-09-06 17:53:03
75966;"yk7RmqC3";66;"female";"credit card";925;2012-09-24 15:22:02;2012-12-20 13:54:36
47306;"G66jrlyT";49;"male";"credit card";926;2012-09-12 20:27:57;
40078;"dDRvI9e4";55;"female";"credit card";927;2012-01-19 10:07:57;
44189;"7kwn6nI9";24;"female";"cash";928;2012-01-25 17:52:21;2013-10-17 23:39:17
42056;"PF1a3dGy";63;"female";"cash";929;2012-06-18 20:31:09;
53755;"eratuthF";52;"female";"credit card";930;2012-02-14 18:28:54;2013-12-07 21:48:44
53609;"xSUlYQCo";25;"male";"cash";931;2012-07-09 23:08:56;
64043;"zD2BIz5J";30;"female";"credit card";932;2012-04-01 18:18:55;
35219;"ufHs8J2Z";63;"male";"cheque";933;2012-09-26 23:44:33;2013-12-04 10:35:41
40901;"nb9g7vXm";76;"female";"credit card";934;2012-01-12 19:12:29;2013-12-11 18:01:53
46854;"jvjbHoQf";69;"weiblich";"cheque";935;2012-05-18 18:12:19;2012-11-01 20:38:05
20288;"TFZ5Tj3Z";43;"female";"cash";936;2011-10-26 23:28:44;2012-08-12 10:04:04
58915;"8dN88tYa";42;"male";"credit card";937;2013-03-27 05:50:24;
13641;"nF8oEZ6Z";51;"male";"credit card";938;2013-02-19 16:32:44;
45679;"Do9rtazl";44;"male";"credit card";939;2012-08-25 03:23:32;
62790;"cFx3l7xM";51;"male";"credit card";940;2013-06-10 03:18:34;
77176;"X3YpANiF";30;"male";"credit card";941;2013-09-23 02:23:03;
55516;"Xp4OigA4";48;"mänlich";"cheque";942;2013-05-24 10:38:23;2013-11-14 08:57:13
30225;"1ImpQTzC";28;"female";"credit card";943;2014-01-12 12:44:38;2014-02-25 00:33:06
71861;"IQhgHVoQ";50;"male";"credit card";944;2012-06-29 15:44:43;2012-09-06 01:17:10
21183;"JQcMK7Kw";25;"male";"credit card";945;2012-03-10 00:02:02;
64049;"SZS83G1j";56;"mänlich";"cash";946;2013-03-27 15:19:38;2014-03-08 08:34:04
69659;"EuWshM0y";17;"female";"credit card";947;2012-02-21 09:49:07;2012-03-20 16:41:07
24494;"vxfY9anz";59;"female";"credit card";948;2012-02-06 12:06:16;2012-06-21 05:35:57
61260;"IoAIXYwc";70;"female";"cash";949;2011-12-28 16:20:26;2012-05-04 04:12:46
34225;"C5g6ifZj";45;"male";"cash";950;2011-09-11 22:22:00;2014-03-20 14:19:55
41236;"9QaadiA2";43;"male";"cash";951;2012-07-29 17:34:12;2012-10-29 07:05:14
26307;"13CTCydc";50;"male";"credit card";952;2013-07-05 20:04:56;
29540;"lsbbuWoz";46;"male";"cash";953;2011-11-18 06:00:32;2013-01-13 11:20:27
42362;"6RKmTzjy";25;"female";"credit card";954;2012-03-05 17:22:19;
39166;"RqyR9Zyv";43;"male";"credit card";955;2012-09-11 19:36:43;
59975;"x4pYHlgV";29;"male";"cash";956;2012-02-02 11:58:45;
57187;"7WqX2h7Y";49;"male";"credit card";957;2013-01-24 18:50:35;
42348;"VPBm67LB";43;"female";"cash";958;2012-03-16 13:47:03;2012-05-11 15:48:17
55922;"gcjFUIE5";35;"male";"cash";959;2012-10-26 03:46:40;2013-03-16 15:10:15
45513;"dYQHApCw";19;"male";"credit card";960;2013-10-23 02:00:55;
55069;"SmMXIAPJ";76;"male";"cash";961;2011-09-22 14:26:32;2012-04-14 03:41:47
40978;"jTVJdtrV";53;"female";"credit card";962;2012-04-07 13:44:17;
81386;"JMwG9cKx";64;"female";"credit card";963;2012-06-07 01:54:05;2013-01-23 11:49:55
45116;"TR1g94vu";42;"female";"credit card";964;2011-06-20 02:01:42;2012-03-22 00:48:00
68587;"hSOkjC0H";53;"male";"credit card";965;2013-07-04 05:05:59;
52198;"Xh5IQlKq";66;"female";"credit card";966;2012-05-10 00:33:13;2014-03-12 08:07:55
60668;"R9WZiAue";73;"weiblich";"cash";967;2012-10-21 22:59:33;2014-04-07 16:41:22
40708;"vsGwxJrF";31;"male";"credit card";968;2013-04-24 12:26:10;
47205;"dkjkbYcr";68;"male";"credit card";969;2012-05-13 00:08:56;2013-03-28 23:46:36
81673;"vcYfSvYu";38;"female";"credit card";970;2011-09-02 07:38:54;2013-01-12 04:17:55
66365;"JZsgRRkb";39;"female";"credit card";971;2012-09-26 10:46:18;2014-01-03 11:46:20
63964;"pXvDL0bK";23;"male";"cash";972;2012-09-27 20:05:19;
53426;"hJV6pIKL";52;"female";"cash";973;2012-04-26 10:04:20;2012-06-07 11:26:28
42139;"oqVT8eJL";38;"male";"credit card";974;2014-01-22 23:05:28;
55845;"TFX0Nynn";81;"male";"cash";975;2011-05-03 17:09:22;2011-08-15 09:27:31
68452;"OxxWp3VR";20;"male";"cash";976;2012-02-07 09:16:27;2013-08-11 19:53:18
59888;"caVDslL0";20;"weiblich";"credit card";977;2013-03-12 11:43:51;2013-12-27 08:51:25
29641;"Y4xjEVYs";40;"male";"credit card";978;2013-09-13 01:04:42;
60877;"sUcNBw7u";29;"male";"cash";979;2012-10-25 04:31:10;2014-01-06 05:43:45
47016;"D0x9RSKN";90;"male";"cash";980;2011-12-01 00:39:08;
39315;"X6iyFUAB";42;"weiblich";"credit card";981;2012-06-03 09:38:31;2014-02-26 12:50:51
52951;"qEgENbk8";80;"male";"cheque";982;2012-01-29 14:10:08;2012-11-08 20:01:04
56389;"qoR9gBUN";43;"male";"credit card";983;2013-03-25 19:17:28;2013-08-20 05:50:41
72253;"K1LM1wa2";23;"male";"credit card";984;2013-01-16 02:24:47;
32410;"GcdANJZ9";29;"female";"credit card";985;2013-01-26 02:46:55;
41173;"rjtU2Gp8";44;"female";"credit card";986;2012-06-15 16:41:14;2012-08-02 07:42:29
36549;"BHRbmBG0";37;"mänlich";"cash";987;2013-04-25 09:32:37;2013-10-13 11:46:34
23720;"f6IvQ9iT";26;"male";"credit card";988;2013-01-22 03:02:53;
43487;"3DX3Tb31";21;"male";"credit card";989;2012-11-25 12:04:20;
50043;"DiIeXlNJ";80;"weiblich";"cheque";990;2013-02-07 07:31:00;2013-11-24 21:34:12
76653;"YliWRuTy";50;"male";"cash";991;2012-02-23 21:53:47;2012-06-18 21:47:14
46280;"ol5yiPlF";28;"female";"credit card";992;2013-09-22 07:34:34;
48847;"jNO6ylgr";82;"mänlich";"cash";993;2013-09-14 09:16:30;
60904;"uZZh1OO3";64;"male";"credit card";994;2013-05-06 17:06:58;
57129;"awng4WeD";19;"male";"credit card";995;2012-05-25 07:45:45;
53081;"Hps22IPl";29;"female";"credit card";996;2013-07-17 16:37:15;
42168;"MyTexgxz";84;"male";"credit card";997;2011-10-14 13:08:13;
92731;"nLsFoXDP";20;"male";"credit card";998;2013-01-07 09:19:47;2013-09-14 02:05:55
61397;"9ez07QZ4";19;"male";"credit card";999;2013-03-24 19:23:52;
40527;"H0n3eUsn";24;"female";"credit card";1000;2013-09-12 11:49:11;
